,,As-Suli,Abbasid Caliphate,c. 880,c. 946
Aagaard,Jacob,Jacob Aagaard,"Denmark,Scotland",1973,
Aaron,Manuel,Manuel Aaron,India,1935,
Abonyi,István,István Abonyi,Hungary,1886,1942
Abrahams,Gerald,Gerald Abrahams,England,1907,1980
Abrahamyan,Tatev,Tatev Abrahamyan,"Armenia,US",1988,
Acers,Jude,Jude Acers,US,1944,
Acs,Peter,Peter Acs,Hungary,1981,
Adams,Weaver,Weaver Adams,US,1901,1963
Adewumi,Tanitoluwa,Tanitoluwa Adewumi,"Nigeria,US",2010,
Adianto,Utut,Utut Adianto,Indonesia,1965,
Adorján,András,András Adorján,Hungary,1950,
Afromeev,Vladimir,Vladimir Afromeev,Russia,1954,
Agdestein,Simen,Simen Agdestein,Norway,1967,
Agrest,Evgeny,Evgeny Agrest,"Belarus,Sweden",1966,
Agzamov,Georgy,Georgy Agzamov,Uzbekistan,1954,1986
Ahues,Carl,Carl Ahues,Germany,1883,1968
Aitken,James Macrae,James Macrae Aitken,Scotland,1908,1983
Akhsharumova,Anna,Anna Akhsharumova,"Russia,US",1957,
Akopian,Vladimir,Vladimir Akopian,Armenia,1971,
Al-Modiahki,Mohamad,Mohamad Al-Modiahki,Qatar,1974,
Alapin,Simon,Simon Alapin,Lithuania,1856,1923
Alatortsev,Vladimir,Vladimir Alatortsev,Russia,1909,1987
Albin,Adolf,Adolf Albin,Romania,1848,1920
Alburt,Lev,Lev Alburt,"Russia,US",1945,
Alekhine,Alexei,Alexei Alekhine,Russia,1888,1939
Alekhine,Grace,Grace Alekhine,"US,England,France",1876,1956
Alekhine,Alexander,Alexander Alekhine,"Russia,France",1892,1946
Aleksandrov,Aleksej,Aleksej Aleksandrov,Belarus,1973,
Alekseev,Evgeny,Evgeny Alekseev,Russia,1985,
Alexander,Hugh,Hugh Alexander,England,1899,1974
Alexandre,Aaron,Aaron Alexandre,"Germany,France,England",1765,1850
Alexandria,Nana,Nana Alexandria,Georgia,1949,
Allgaier,Johann Baptist,Johann Baptist Allgaier,"Germany,Austria",1763,1823
Almási,Zoltán,Zoltán Almási,Hungary,1976,
Aloni,Yoel,Yoel Aloni,Israel,1937,
Aloni,Izak,Izak Aloni,"Poland,Israel",1905,1985
Alterman,Boris,Boris Alterman,Israel,1970,
Amelung,Friedrich,Friedrich Amelung,"Estonia,Latvia",1842,1909
Amin,Bassem,Bassem Amin,Egypt,1988,
Amonatov,Farrukh,Farrukh Amonatov,Tajikistan,1978,
Amos,Bruce,Bruce Amos,Canada,1946,
An,Yangfeng,An Yangfeng,China,1963,
Anand,Viswanathan,Viswanathan Anand,India,1969,
Andersen,Erik,Erik Andersen,Denmark,1904,1938
Anderson,Hope Arthurine,Hope Arthurine Anderson,Jamaica,1950,2016
Anderson,Frank,Frank Anderson,Canada,1928,1980
Anderssen,Adolf,Adolf Anderssen,Germany,1818,1879
Andersson,Ulf,Ulf Andersson,Sweden,1951,
Andreikin,Dmitry,Dmitry Andreikin,Russia,1990,
Andriasian,Zaven,Zaven Andriasian,Armenia,1989,
Antic,Dejan,Dejan Antic,Serbia,1968,
Antonio,Rogelio,Rogelio Antonio Jr.,Philippines,1962,
Antoshin,Vladimir,Vladimir Antoshin,Russia,1929,1994
Antze,Oskar,Oskar Antze,Germany,1878,
Apicella,Manuel,Manuel Apicella,France,1970,
Appel,Izaak,Izaak Appel,Poland,1905,1941
Aptekar,Lev,Lev Aptekar,"Ukraine,New Zealand",1936,
Apšenieks,Fricis,Fricis Apšenieks,Latvia,1894,1941
Araiza,José Joaquin,José Joaquin Araiza,Mexico,1900,1971
Arakhamia-Grant,Ketevan,Ketevan Arakhamia-Grant,Georgia,1968,
Ardid,Ramón Rey,Ramón Rey Ardid,Spain,1903,1988
Arencibia,Walter,Walter Arencibia,Cuba,1967,
Areshchenko,Alexander,Alexander Areshchenko,Ukraine,1986,
Arkell,Keith,Keith Arkell,England,1961,
Arlauskas,Romanas,Romanas Arlauskas,"Lithuania,Australia",1917,2009
Arnason,Jon,Jon Arnason,Iceland,1960,
Arngrímsson,Dagur,Dagur Arngrímsson,Iceland,1987,
Aronian,Levon,Levon Aronian,Armenia,1982,
Aronin,Lev,Lev Aronin,Russia,1920,1983
Ascharin,Andreas,Andreas Ascharin,"Estonia,Latvia",1843,1896
Ascher,Jacob,Jacob Ascher,"England,Canada",1841,1912
Aseev,Konstantin,Konstantin Aseev,Russia,1960,2004
Ashley,Maurice,Maurice Ashley,"Jamaica,US",1966,
Asrian,Karen,Karen Asrian,Armenia,1980,2008
Assaubayeva,Bibisara,Bibisara Assaubayeva,"Kazakhstan,Russia",2004,
Asztalos,Lajos,Lajos Asztalos,"Austria-Hungary,Yugoslavia,Hungary",1889,1956
Atalik,Ekaterina,Ekaterina Atalik,"Russia,Turkey",1982,
Atalık,Suat,Suat Atalık,Turkey,1964,
Atkins,Henry,Henry Atkins,England,1872,1955
Aurbach,Arnold,Arnold Aurbach,"Poland,France",c. 1888,c. 1952
Averbakh,Yuri,Yuri Averbakh,Russia,1922,
Aveskulov,Valeriy,Valeriy Aveskulov,Ukraine,1986,
Avram,Herbert,Herbert Avram,US,1913,2006
Avrukh,Boris,Boris Avrukh,Israel,1978,
Baburin,Alexander,Alexander Baburin,"Russia,Ireland",1967,
Bacrot,Étienne,Étienne Bacrot,France,1983,
Baender,Paul,Paul Baender,"Germany,Bolivia",1906,1985
Bagaturov,Giorgi,Giorgi Bagaturov,Georgia,1964,
Bagheri,Amir,Amir Bagheri,Iran,1978,
Baginskaite,Camilla,Camilla Baginskaite,"Soviet Union,Lithuania,US",1967,
Bagirov,Vladimir,Vladimir Bagirov,"USSR,Latvia",1936,2000
Bain,Mary,Mary Bain,US,1904,1972
Baird,David Graham,David Graham Baird,US,1854,1913
Baklan,Vladimir,Vladimir Baklan,Ukraine,1978,
Balashov,Yuri,Yuri Balashov,Russia,1949,
Balinas,Rosendo,Rosendo Balinas Jr.,Philippines,1941,1998
"Balla,von",Zoltán,Zoltán von Balla,Hungary,1883,1945
Balogh,János,János Balogh,"Romania,Hungary",1892,1980
Balogh,Csaba,Csaba Balogh,Hungary,1987,
Balparda,Julio,Julio Balparda,Uruguay,,1942
Balshan,Amikam,Amikam Balshan,Israel,1948,
Banikas,Hristos,Hristos Banikas,Greece,1978,
Bannik,Anatoly,Anatoly Bannik,Ukraine,1921,2013
Baramidze,David,David Baramidze,"Georgia,Germany",1988,
Baratz,Abraham,Abraham Baratz,"Romania,France",1895,1975
Barbero,Gerardo,Gerardo Barbero,"Argentina,Hungary",1961,2001
Barcza,Gedeon,Gedeon Barcza,Hungary,1911,1986
Barda,Olaf,Olaf Barda,Norway,1909,1971
"Bardeleben,von",Curt,Curt von Bardeleben,Germany,1861,1924
Barden,Leonard,Leonard Barden,England,1929,
Bareev,Evgeny,Evgeny Bareev,Russia,1966,
Barnes,Thomas Wilson,Thomas Wilson Barnes,England,1825,1874
Barnes,Robert Henry,Robert Henry Barnes,"England,New Zealand",1849,1916
Barsov,Alexei,Alexei Barsov,Uzbekistan,1966,
Bartel,Mateusz,Mateusz Bartel,Poland,1985,
Barua,Dibyendu,Dibyendu Barua,India,1966,
Barus,Cerdas,Cerdas Barus,Indonesia,1961,
Barász,Zsigmond,Zsigmond Barász,Hungary,1878,1935
Basman,Michael,Michael Basman,England,1946,
Bauer,Christian,Christian Bauer,France,1977,
Bauer,Johann Hermann,Johann Hermann Bauer,"Bohemia,Austria",1861,1891
Baumbach,Friedrich,Friedrich Baumbach,Germany,1935,
Becker,Albert,Albert Becker,"Austria,Germany,Argentina",1896,1984
Belakovskaia,Anjelina,Anjelina Belakovskaia,"Ukraine,US",1969,
Belavenets,Liudmila,Liudmila Belavenets,Russia,1940,
Belavenets,Sergey,Sergey Belavenets,Russia,1910,1942
Beliavsky,Alexander,Alexander Beliavsky,"Ukraine,Slovenia",1953,
Belkhodja,Slim,Slim Belkhodja,Tunisia,1962,
Bellin,Jana,Jana Bellin,"Czechoslovakia,England",1947,
Belsitzmann,Zdzisław,Zdzisław Belsitzmann,Poland,c. 1890,1920
Benima,Levi,Levi Benima,Netherlands,1837,1922
Benini,Clarice,Clarice Benini,Italy,1905,1976
Benjamin,Joel,Joel Benjamin,US,1964,
Benko,Pal,Pal Benko,"France,Hungary,US",1928,
Benkö,Francisco,Francisco Benkö,"Germany,Argentina",1910,
Berczes,David,David Berczes,Hungary,1990,
Berg,Emanuel,Emanuel Berg,Sweden,1981,
Berger,Johann,Johann Berger,Austria,1845,1933
Berger,Victor,Victor Berger,"Ukraine,England",1904,1996
Berger,Bela,Bela Berger,"Hungary,Australia",1931,2005
Bergkvist,Nils,Nils Bergkvist,Sweden,1900,?
Bergs,Teodors,Teodors Bergs,Latvia,1902,1966
Berliner,Hans,Hans Berliner,"Germany,US",1929,2017
Bern,Ivar,Ivar Bern,Norway,1967,
Berndtsson,Karl,Karl Berndtsson,Sweden,1892,1943
Bernstein,Jacob,Jacob Bernstein,US,?,1958
Bernstein,Yaacov,Yaacov Bernstein,Israel,1939,
Bernstein,Sidney Norman,Sidney Norman Bernstein,US,1911,1992
Bernstein,Ossip,Ossip Bernstein,"Ukraine,France",1882,1962
Bertok,Mario,Mario Bertok,Croatia,1929,2008
Beskow,Katarina,Katarina Beskow,Sweden,1867,1939
Beutum,Siegmund,Siegmund Beutum,Austria,1890,1966
Bhat,Vinay,Vinay Bhat,US,1984,
Bielicki,Carlos,Carlos Bielicki,Argentina,1940,
Bier,Martin,Martin Bier,Germany,1854,1934
Bigelow,Horace,Horace Bigelow,US,1898,1980
Bilek,István,István Bilek,Hungary,1932,2010
"Bilguer,von",Paul Rudolf,Paul Rudolf von Bilguer,Germany,1815,1840
Billecard,Maurice,Maurice Billecard,France,1876,?
Bin-Sattar,Reefat,Reefat Bin-Sattar,Bangladesh,1974,
Bird,Henry,Henry Bird,England,1830,1908
Birnboim,Nathan,Nathan Birnboim,Israel,1950,
Bischoff,Klaus,Klaus Bischoff,Germany,1961,
Bisguier,Arthur,Arthur Bisguier,US,1929,2017
Biyiasas,Peter,Peter Biyiasas,"Greece,Canada",1950,
Bjelica,Dimitrije,Dimitrije Bjelica,Serbia,1935,
Black,Roy Turnbull,Roy Turnbull Black,US,1888,1962
Blackburne,Joseph Henry,Joseph Henry Blackburne,England,1841,1924
Blackmar,Armand,Armand Blackmar,US,1826,1888
Blake,Joseph Henry,Joseph Henry Blake,England,1859,1951
Blass,Abram,Abram Blass,"Poland,Israel",1895,1971
Blau,Max,Max Blau,"Germany,Switzerland",1918,1984
Bledow,Ludwig,Ludwig Bledow,Germany,1795,1846
Blehm,Paweł,Paweł Blehm,Poland,1980,
Bleijkmans,Dirk,Dirk Bleijkmans,"Netherlands,Indonesia",1875,?
Bleiman,Yaacov,Yaacov Bleiman,"Lithuania,Israel",1947,2004
Blocker,Calvin,Calvin Blocker,US,1955,
Bloodgood,Claude,Claude Bloodgood,US,1937,2001
Blumenfeld,Benjamin,Benjamin Blumenfeld,"Belarus,Russia",1884,1947
Blumin,Boris,Boris Blumin,"Russia,Canada,US",1907,1998
Bláthy,Ottó,Ottó Bláthy,Hungary,1860,1939
Blümich,Max,Max Blümich,Germany,1886,1942
Bobotsov,Milko,Milko Bobotsov,Bulgaria,1931,2000
Bocharov,Dmitry,Dmitry Bocharov,Russia,1982,
Boden,Samuel,Samuel Boden,England,1826,1882
Bogatyrchuk,Fedor,Fedor Bogatyrchuk,"Ukraine,Canada",1892,1984
Bogoljubov,Efim,Efim Bogoljubov,"Ukraine,Germany",1889,1952
Boi,Paolo,Paolo Boi,Italy,1528,1598
Bolbochán,Jacobo,Jacobo Bolbochán,Argentina,1906,1984
Bolbochán,Julio,Julio Bolbochán,Argentina,1920,1996
Boleslavsky,Isaac,Isaac Boleslavsky,"Ukraine,Russia,Belarus",1919,1977
Bologan,Victor,Victor Bologan,Moldova,1971,
Bondarevsky,Igor,Igor Bondarevsky,Russia,1913,1979
Borisenko,Valentina,Valentina Borisenko,Russia,1920,1993
Bortnyk,Olexandr,Olexandr Bortnyk,Ukraine,1996,
Bosboom-Lanchava,Tea,Tea Bosboom-Lanchava,"Netherlands,Georgia",1974,
Bosch,Johannes van den,Johannes van den Bosch,Netherlands,1906,1994
Botterill,George,George Botterill,"England,Wales",1949,
Botvinnik,Mikhail,Mikhail Botvinnik,Russia,1911,1995
"Bourdonnais,de la",Louis-Charles Mahé,Louis-Charles Mahé de La Bourdonnais,France,1795,1840
Boutteville,César,César Boutteville,"Vietnam,France",1917,2015
Boytsun,Olena,Olena Boytsun,Ukraine,1983,
Brach,Julius,Julius Brach,Czechoslovakia,1881,1938
Breyer,Gyula,Gyula Breyer,Hungary,1893,1921
Brinckmann,Alfred,Alfred Brinckmann,Germany,1891,1967
Bron,Vladimir,Vladimir Bron,Ukraine,1909,1985
Bronstein,David,David Bronstein,Ukraine,1924,2006
Browne,Walter,Walter Browne,"Australia,US",1949,2015
Brustman,Agnieszka,Agnieszka Brustman,Poland,1962,
Bruzón,Lázaro,Lázaro Bruzón,Cuba,1982,
Brynell,Stellan,Stellan Brynell,Sweden,1962,
Bródy,Miklós,Miklós Bródy,"Hungary,Romania",1877,1949
Bröder,Mirko,Mirko Bröder,"Hungary,Serbia",1911,1943
Bu,Xiangzhi,Bu Xiangzhi,China,1985,
Buckle,Henry Thomas,Henry Thomas Buckle,England,1821,1862
Budowski,Gerardo,Gerardo Budowski,"Germany,France,Venezuela,Costa Rica",1925,2014
Budzyński,Wincenty,Wincenty Budzyński,"Poland,France",1815,1866
Buksa,Nataliya,Nataliya Buksa,Ukraine,1996,
Burille,Constant Ferdinand,Constant Ferdinand Burille,"France,US",1866,1914
Burn,Amos,Amos Burn,England,1848,1925
Butnorius,Algimantas,Algimantas Butnorius,Lithuania,1946,
Bykova,Elisabeth,Elisabeth Bykova,Russia,1913,1989
Byrne,Donald,Donald Byrne,US,1930,1976
Byrne,Robert,Robert Byrne,US,1928,2013
Böök,Eero,Eero Böök,Finland,1910,1990
Bētiņš,Kārlis,Kārlis Bētiņš,Latvia,1867,1943
Campomanes,Florencio,Florencio Campomanes,Philippines,1927,2010
Canal,Esteban,Esteban Canal,"Peru,Italy",1896,1981
Caoili,Arianne,Arianne Caoili,Australia,1986,2020
Capablanca,José Raúl,José Raúl Capablanca,Cuba,1888,1942
Cardoso,Ruth Volgl,Ruth Volgl Cardoso,Brazil,1934,2000
Cardoso,Rodolfo Tan,Rodolfo Tan Cardoso,Philippines,1937,2013
Carls,Carl,Carl Carls,Germany,1880,1958
Carlsen,Magnus,Magnus Carlsen,Norway,1990,
Carlsson,Pontus,Pontus Carlsson,Sweden,1982,
Caro,Horatio,Horatio Caro,"England,Germany",1862,1920
Carrasco,Berna,Berna Carrasco,Chile,1914,2013
Carrera,Pietro,Pietro Carrera,Sicily,1573,1647
Caruana,Fabiano,Fabiano Caruana,"US,Italy",1992,
Castaldi,Vincenzo,Vincenzo Castaldi,Italy,1916,1970
Castillo,Mariano,Mariano Castillo,Chile,1905,1970
Cebalo,Mišo,Mišo Cebalo,Croatia,1945,
Cenni,Giovanni,Giovanni Cenni,Italy,1881,1957
Ceron,Alfonso,Alfonso Ceron,Spain,1535,?
Chalupetzky,Ferenc,Ferenc Chalupetzky,Hungary,1886,1951
Chamier,Edward,Edward Chamier,"England,France",1840,1892
Chanda,Sandipan,Sandipan Chanda,India,1983,
Chandler,Murray,Murray Chandler,"New Zealand,England",1960,
Chang,Tung Lo,Chang Tung Lo,China,<1960,
Charbonneau,Pascal,Pascal Charbonneau,Canada,1983,
Charousek,Rudolf,Rudolf Charousek,Hungary,1873,1900
Chaudé de Silans,Chantal,Chantal Chaudé de Silans,France,1919,2001
Chekhov,Valery,Valery Chekhov,Russia,1955,
Chekhover,Vitaly,Vitaly Chekhover,Russia,1908,1965
Chen,De,Chen De,China,1949,
Cheparinov,Ivan,Ivan Cheparinov,Bulgaria,1986,
Cherepkov,Alexander,Alexander Cherepkov,Russia,1920,
Chernev,Irving,Irving Chernev,"Russia,US",1900,1981
Chernin,Alexander,Alexander Chernin,"Ukraine,Hungary",1960,
Chernyshov,Konstantin,Konstantin Chernyshov,Russia,1967,
Chiburdanidze,Maia,Maia Chiburdanidze,Georgia,1961,
Chigorin,Mikhail,Mikhail Chigorin,Russia,1850,1908
Christiansen,Larry,Larry Christiansen,US,1956,
Chuchelov,Vladimir,Vladimir Chuchelov,"Russia,Belgium",1969,
Chéron,André,André Chéron,France,1895,1980
Cicak,Slavko,Slavko Cicak,"Montenegro,Sweden",1969,
Cifuentes,Roberto,Roberto Cifuentes,"Chile,Netherlands,Spain",1957,
Ciocâltea,Victor,Victor Ciocâltea,Romania,1932,1983
Clemenz,Hermann,Hermann Clemenz,Estonia,1846,1908
Clerc,Albert,Albert Clerc,France,1830,1918
Cochrane,John,John Cochrane,England,1798,1878
Cohn,Erich,Erich Cohn,Germany,1884,1918
Cohn,Wilhelm,Wilhelm Cohn,Germany,1859,1913
Colle,Edgard,Edgard Colle,Belgium,1897,1932
Collins,John W.,John W. Collins,US,1912,2001
Colman,Eugene Ernest,Eugene Ernest Colman,England,1878,1964
Colombo,Camila,Camila Colombo,Uruguay,1990,
Conde,Adrián García,Adrián García Conde,"Mexico,England",1886,1943
Conquest,Stuart,Stuart Conquest,England,1967,
Corke,Anya,Anya Corke,"England,Hong Kong",1990,
Cortlever,Nicolaas,Nicolaas Cortlever,Netherlands,1915,1995
Corzo,Juan,Juan Corzo,Cuba,1873,1941
Cozio,Carlo,Carlo Cozio,Italy,c. 1715,c. 1780
Crakanthorp,Spencer,Spencer Crakanthorp,Australia,1885,1936
Cramling,Pia,Pia Cramling,Sweden,1963,
Cruz,Walter,Walter Cruz,Brazil,1910,1967
Crépeaux,Robert,Robert Crépeaux,France,1900,1994
Csom,István,István Csom,Hungary,1940,
Cukierman,Josef,Josef Cukierman,"Poland,France",1900,1941
Curdo,John,John Curdo,US,1931,
Cuéllar,Miguel,Miguel Cuéllar,Colombia,1916,1985
Cvitan,Ognjen,Ognjen Cvitan,Croatia,1961,
Czarnowski,Hieronim,Hieronim Czarnowski,"Poland,France,Austria-Hungary",1834,1902
Czerniak,Moshe,Moshe Czerniak,"Poland,Israel",1910,1984
Cámpora,Daniel Hugo,Daniel Hugo Cámpora,Argentina,1957,
Córdoba,Miguel Illescas,Miguel Illescas Córdoba,Spain,1965,
Dake,Arthur,Arthur Dake,US,1910,2000
Damiano,Pedro,Pedro Damiano,Portugal,1480,1544
Damjanović,Mato,Mato Damjanović,Croatia,1927,2011
Danailov,Silvio,Silvio Danailov,Bulgaria,1961,
Daniels,A. Polak,A. Polak Daniels,Netherlands,<1855,>1883
Danielsson,Gösta,Gösta Danielsson,Sweden,1912,1978
Daniuszewski,Dawid,Dawid Daniuszewski,Poland,1885,1944
Darga,Klaus,Klaus Darga,Germany,1934,
David,Alberto,Alberto David,Luxembourg,1970,
Davidson,Jacques,Jacques Davidson,Netherlands,1890,1961
Davies,Nigel,Nigel Davies,England,1960,
Deacon,Frederic,Frederic Deacon,Belgium,1829,1875
Deepan,Chakkravarthy,Chakkravarthy Deepan,India,1987,
Degrande,Marigje,Marigje Degrande,Belgium,1992,
Delchev,Aleksander,Aleksander Delchev,Bulgaria,1971,
Delmar,Eugene,Eugene Delmar,US,1841,1909
Dembo,Yelena,Yelena Dembo,"Russia,Israel,Hungary,Greece",1983,
Denker,Arnold,Arnold Denker,US,1914,2005
Deschapelles,Alexandre,Alexandre Deschapelles,France,1780,1847
Deviatkin,Andrei,Andrei Deviatkin,Russia,1980,
Devos,Paul,Paul Devos,Belgium,1911,1981
Diamant,André,André Diamant,Brazil,1990,
Diemer,Emil Josef,Emil Josef Diemer,Germany,1908,1990
Diesen,Mark,Mark Diesen,US,1957,2008
Dimer,Julius,Julius Dimer,Germany,1871,1945
Divinsky,Nathan,Nathan Divinsky,Canada,1925,2012
Djurhuus,Rune,Rune Djurhuus,Norway,1970,
Dlugy,Maxim,Maxim Dlugy,"Russia,US",1966,
Dobiáš,Josef,Josef Dobiáš,"Bohemia,Czechoslovakia",1886,1981
Dobkin,Yosef,Yosef Dobkin,"Russia,Israel",1909,1977
Dolmatov,Sergey,Sergey Dolmatov,Russia,1959,
Dominguez,Lenier,Lenier Dominguez,Cuba,1983,
Dominik,Józef,Józef Dominik,Poland,1894,1920
Domnitz,Zadok,Zadok Domnitz,Israel,1933,
Donaldson,John W.,John W. Donaldson,US,1958,
Donaldson,Elena,Elena Donaldson,"Russia,Georgia,US",1957,
Donev,Ivo,Ivo Donev,Austria,1959,
Donner,Jan Hein,Jan Hein Donner,Netherlands,1927,1988
Dorfman,Iossif,Iossif Dorfman,"Ukraine,France",1952,
Dreev,Alexey,Alexey Dreev,Russia,1969,
Dreyer,Kurt,Kurt Dreyer,"Germany,South Africa",1909,1981
Drezga,Tihomil,Tihomil Drezga,"Croatia,US",1903,1981
Drozdovskij,Yuri,Yuri Drozdovskij,Ukraine,1984,
Dubeck,Leroy,Leroy Dubeck,US,1939,
Dubois,Serafino,Serafino Dubois,Italy,1817,1899
Dubov,Daniil,Daniil Dubov,Russia,1996,
Dufresne,Jean,Jean Dufresne,Germany,1829,1893
Duhm,Hans,Hans Duhm,"Germany,Switzerland",1878,1946
Duhm,Andreas,Andreas Duhm,"Germany,Switzerland",1883,1975
Duhm,Dietrich,Dietrich Duhm,"Germany,Switzerland",1880,1954
Dunkelblum,Arthur,Arthur Dunkelblum,"Poland,Belgium",1906,1979
Duras,Oldřich,Oldřich Duras,"Bohemia,Czechoslovakia",1882,1957
Duz-Khotimirsky,Fyodor,Fyodor Duz-Khotimirsky,Ukraine,1879,1965
Dvoirys,Semen,Semen Dvoirys,Russia,1958,
Dvoretsky,Mark,Mark Dvoretsky,Russia,1947,
Dworakowska,Joanna,Joanna Dworakowska,Poland,1978,
Dyckhoff,Eduard,Eduard Dyckhoff,Germany,1880,1949
Dydyshko,Viacheslav,Viacheslav Dydyshko,Belarus,1949,
Dyner,Boruch Israel,Boruch Israel Dyner,"Poland,Belgium,Israel",1903,1979
Dzagnidze,Nana,Nana Dzagnidze,Georgia,1987,
Dzhumaev,Marat,Marat Dzhumaev,Uzbekistan,1976,
Dzindzichashvili,Roman,Roman Dzindzichashvili,"Georgia,Israel,US",1944,
Dückstein,Andreas,Andreas Dückstein,"Hungary,Austria",1927,
Eade,James,James Eade,US,1957,
Efimenko,Zahar,Zahar Efimenko,Ukraine,1985,
Efroimski,Marsel,Marsel Efroimski,Israel,1995,
Ehlvest,Jaan,Jaan Ehlvest,Estonia,1962,
Eidelson,Rakhil,Rakhil Eidelson,Belarus,1958,
Eingorn,Vereslav,Vereslav Eingorn,Ukraine,1956,
Eisenberg,Louis,Louis Eisenberg,"Ukraine,US",1876,>1909
Ekenberg,Bengt,Bengt Ekenberg,Sweden,1912,1986
Ekström,Folke,Folke Ekström,Sweden,1906,2000
Eliskases,Erich,Erich Eliskases,"Austria,Germany,Argentina",1913,1997
Eljaschoff,Moissei,Moissei Eljaschoff,Lithuania,1870,1919
Emms,John,John Emms,England,1967,
Endzelins,Lucijs,Lucijs Endzelins,"Estonia,Latvia,Australia",1909,1981
Enevoldsen,Jens,Jens Enevoldsen,Denmark,1907,1980
Engels,Ludwig,Ludwig Engels,"Germany,Brazil",1905,1967
Englisch,Berthold,Berthold Englisch,Austria,1851,1897
Enoch,David,David Enoch,Israel,1901,1949
Epishin,Vladimir,Vladimir Epishin,Russia,1965,
Erdélyi,Stefan,Stefan Erdélyi,"Hungary,Romania",1905,1968
Ereńska,Hanna,Hanna Ereńska,Poland,1946,
Ermenkov,Evgenij,Evgenij Ermenkov,"Bulgaria,Palestine",1949,
Ernst,Wilhelm,Wilhelm Ernst,Germany,1905,1952
Erskine,John Angus,John Angus Erskine,"New Zealand,Australia",1873,1960
Estrin,Yakov,Yakov Estrin,Russia,1923,1987
Euwe,Max,Max Euwe,Netherlands,1901,1981
Evans,William Davies,William Davies Evans,Wales,1790,1872
Evans,Larry M.,Larry M. Evans,US,1932,2010
Evensohn,Alexander,Alexander Evensohn,Ukraine,1892,1919
Exner,Győző,Győző Exner,Hungary,1864,1945
Factor,Samuel,Samuel Factor,"Poland,US",1883,1949
Fagan,Louisa Matilda,Louisa Matilda Fagan,"Italy,England",1850,1931
Fahrni,Hans,Hans Fahrni,"Bohemia,Switzerland",1874,1939
Fairhurst,William,William Fairhurst,"England,Scotland,New Zealand",1903,1982
Fajarowicz,Sammi,Sammi Fajarowicz,Germany,1908,1940
Falk,Raphael,Raphael Falk,Russia,1856,1913
Falkbeer,Ernst,Ernst Falkbeer,Austria-Hungary,1819,1885
Fazekas,Stefan,Stefan Fazekas,"Hungary,Czechoslovakia,England",1898,1967
Fedorchuk,Sergey,Sergey Fedorchuk,Ukraine,1981,
Fedorov,Alexei,Alexei Fedorov,Belarus,1972,
Fedorowicz,John,John Fedorowicz,US,1958,
Fedoseev,Vladimir,Vladimir Fedoseev,Russia,1995,
Feigins,Movsas,Movsas Feigins,"Latvia,Argentina",1908,1950
Feinmesser,Rafał,Rafał Feinmesser,Poland,<1906,
Felecan,Florin,Florin Felecan,"Romania,US",1980,
Fenoglio,Virgilio,Virgilio Fenoglio,Argentina,1902,1990
Feuerstein,Arthur,Arthur Feuerstein,US,1935,
Fier,Alexandr,Alexandr Fier,Brazil,1988,
Fierro,Martha,Martha Fierro,Ecuador,1977,
Filip,Miroslav,Miroslav Filip,Czech Republic,1928,2009
Filippov,Anton,Anton Filippov,Uzbekistan,1986,
Fine,Reuben,Reuben Fine,US,1914,1993
Finegold,Ben,Ben Finegold,US,1969,
Finn,Julius,Julius Finn,"Poland,US",1871,1931
Firmian,Nick de,Nick de Firmian,US,1957,
Firmian,Nick de,Nick de Firmian,US,1957,
Fischer,Robert James,Robert James Fischer,"US,Iceland",1943,2008
Fishbein,Alex,Alex Fishbein,US,1968,
Flamberg,Alexander,Alexander Flamberg,Poland,1880,1926
Flatow,Alfred,Alfred Flatow,"Germany,Australia",1937,
Flear,Glenn,Glenn Flear,England,1959,
Flechsig,Ernst,Ernst Flechsig,Germany,1852,1890
Fleissig,Max,Max Fleissig,"Hungary,Austria",1845,after 1882
Fleissig,Bernhard,Bernhard Fleissig,"Hungary,Austria",1853,1931
Flesch,János,János Flesch,Hungary,1933,1983
Flohr,Salo,Salo Flohr,"Ukraine,Czechoslovakia,Russia",1908,1983
Flores,Rodrigo,Rodrigo Flores,Chile,1913,2007
Foguelman,Alberto,Alberto Foguelman,Argentina,1923,2013
Foltys,Jan,Jan Foltys,Czechoslovakia,1908,1952
Fontein,George Salto,George Salto Fontein,Netherlands,1890,1963
Foreest,Arnold van,Arnold van Foreest,Netherlands,1863,1954
Foreest,Dirk van,Dirk van Foreest,Netherlands,1862,1956
Forgács,Leó,Leó Forgács,Hungary,1881,1930
Forintos,Győző,Győző Forintos,Hungary,1935,2018
Fox,Albert,Albert Fox,US,1881,1964
Fox,Maurice,Maurice Fox,"Ukraine,Canada",1898,1988
Franco,Zenon,Zenon Franco,Paraguay,1956,
Franklin,Selim,Selim Franklin,"England,US",1814,1884
Fressinet,Laurent,Laurent Fressinet,France,1981,
Freymann,Sergey von,Sergey von Freymann,"Russia,Uzbekistan",1882,1946
Fridlizius,Joel,Joel Fridlizius,Sweden,1869,1963
Fridman,Daniel,Daniel Fridman,"Latvia,Germany",1976,
Friedel,Frederic,Frederic Friedel,Germany,1945,
Friedgood,David,David Friedgood,"South Africa,England",1946,
Friedman,Henryk,Henryk Friedman,Poland,1903,1942
Fritz,Alexander,Alexander Fritz,Germany,1857,1932
From,Martin Severin,Martin Severin From,Denmark,1828,1895
Frydman,Paulino,Paulino Frydman,"Poland,Argentina",1905,1982
Frydman,Achilles,Achilles Frydman,Poland,1905,1940
Ftáčnik,Ľubomír,Ľubomír Ftáčnik,"Czechoslovakia,Slovakia",1957,
Fuderer,Andrija,Andrija Fuderer,"Vojvodina,Belgium",1931,2011
Furman,Semyon,Semyon Furman,Russia,1920,1978
Furtado,Ivana Maria,Ivana Maria Furtado,India,1999,
Fyllingen,Roy,Roy Fyllingen,Norway,1975,
Fähndrich,Hugo,Hugo Fähndrich,"Hungary,Austria",1851,1930
Füster,Géza,Géza Füster,"Hungary,Canada",1910,1990
Gagunashvili,Merab,Merab Gagunashvili,Georgia,1985,
Galkin,Aleksandr,Aleksandr Galkin,Russia,1979,
Gallagher,Joseph,Joseph Gallagher,"England,Switzerland",1964,
Galliamova,Alisa,Alisa Galliamova,Russia,1972,
Ganguly,Surya Shekhar,Surya Shekhar Ganguly,India,1983,
Gaprindashvili,Valeriane,Valeriane Gaprindashvili,Georgia,1982,
Gaprindashvili,Nona,Nona Gaprindashvili,Georgia,1941,
Garcia,Raimundo,Raimundo Garcia,Argentina,1936,
García,José González,José González García,Mexico,1973,
Gareev,Timur,Timur Gareev,Uzbekistan,1988,
Gasanov,Eldar,Eldar Gasanov,Ukraine,1982,
Gashimov,Vugar,Vugar Gashimov,Azerbaijan,1986,2014
Gasik,Anna,Anna Gasik,Poland,1988,
Gausel,Einar,Einar Gausel,Norway,1963,
Gavrikov,Viktor,Viktor Gavrikov,"Lithuania,Switzerland",1957,
Gelashvili,Tamaz,Tamaz Gelashvili,Georgia,1978,
Gelfand,Boris,Boris Gelfand,"Belarus,Israel",1968,
Geller,Efim,Efim Geller,Ukraine,1925,1998
Geller,Uzi,Uzi Geller,Israel,1931,
Genov,Petar,Petar Genov,Bulgaria,1970,
Georgiev,Krum,Krum Georgiev,Bulgaria,1958,
Georgiev,Kiril,Kiril Georgiev,Bulgaria,1965,
Gereben,Ernő,Ernő Gereben,"Hungary,Switzerland",1907,1988
Gerlecka,Regina,Regina Gerlecka,Poland,1913,1983
German,Eugenio,Eugenio German,Brazil,1930,2001
Germann,Theodor,Theodor Germann,Latvia,1879,1935
Gershon,Alik,Alik Gershon,Israel,1980,
Gerstenfeld,Edward,Edward Gerstenfeld,"Poland,Ukraine",1915,1943
Geshev,Georgy,Georgy Geshev,Bulgaria,1903,1937
Gharamian,Tigran,Tigran Gharamian,France,1984,
Ghasi,Ameet,Ameet Ghasi,England,1987,
Gheorghiu,Florin,Florin Gheorghiu,Romania,1944,
Gibaud,Amédée,Amédée Gibaud,France,1885,1957
Giersing,Johannes,Johannes Giersing,Denmark,1872,1954
Gilbert,Ellen,Ellen Gilbert,US,1837,1900
Gilbert,Jessie,Jessie Gilbert,England,1987,2006
Gilg,Karl,Karl Gilg,"Czechoslovakia,Germany",1901,1981
Gipslis,Aivars,Aivars Gipslis,Latvia,1937,2000
Giri,Anish,Anish Giri,Netherlands,1994,
Gladig,Matteo,Matteo Gladig,Italy,1880,1915
Glass,Eduard,Eduard Glass,Austria,1902,>1980
Gleizerov,Evgeny,Evgeny Gleizerov,Russia,1963,
Glek,Igor,Igor Glek,"Russia,Germany",1961,
Gligorić,Svetozar,Svetozar Gligorić,Serbia,1923,2012
Gobet,Fernand,Fernand Gobet,Switzerland,1962,
Godena,Michele,Michele Godena,Italy,1967,
Goering,Carl,Carl Goering,Germany,1841,1879
Goetz,Alphonse,Alphonse Goetz,France,1865,1934
Gofshtein,Leonid,Leonid Gofshtein,Israel,1953,
Gold,Samuel,Samuel Gold,"Hungary,Austria,US",1835,1920
Goldin,Alexander,Alexander Goldin,Russia,1965,
Goletiani,Rusudan,Rusudan Goletiani,"Georgia,US",1980,
Golod,Vitali,Vitali Golod,"Ukraine,Israel",1971,
Golombek,Harry,Harry Golombek,England,1911,1995
Goloshchapov,Alexander,Alexander Goloshchapov,Ukraine,1978,
Goltz,Alexander Ferdinand von der,Alexander Ferdinand von der Goltz,Germany,1819,1858
Golubenko,Valentina,Valentina Golubenko,"Estonia,Croatia",1990,
Golubev,Mikhail,Mikhail Golubev,Ukraine,1970,
Goncharov,Aleksei,Aleksei Goncharov,Russia,1879,1913
Gong,Qianyun,Gong Qianyun,China,1985,
Gonzales,Jayson,Jayson Gonzales,Philippines,1969,
Goodman,David S.,David S. Goodman,"England,US",1958,
Gordon,Stephen J.,Stephen J. Gordon,England,1986,
Gormally,Danny,Danny Gormally,England,1976,
Gossip,George H. D.,George H. D. Gossip,"US,England",1841,1907
Gotthilf,Solomon,Solomon Gotthilf,Russia,1903,1967
Gottschall,Hermann von,Hermann von Gottschall,Germany,1862,1933
Grachev,Boris,Boris Grachev,Russia,1986,
Graf,Sonja,Sonja Graf,"Germany,Argentina,US",1908,1965
Graf,Alexander,Alexander Graf,"Uzbekistan,Germany",1962,
Grau,Roberto,Roberto Grau,Argentina,1900,1944
Greco,Gioachino,Gioachino Greco,Italy,1600,c. 1634
Green,Ewen McGowen,Ewen McGowen Green,New Zealand,1950,
Greenfeld,Alon,Alon Greenfeld,"US,Israel",1964,
Grefe,John,John Grefe,US,1947,
Gregory,Bernhard,Bernhard Gregory,"Estonia,Germany",1879,1939
Greiff,Boris De,Boris De Greiff,Colombia,1930,2011
Gresser,Gisela Kahn,Gisela Kahn Gresser,US,1906,2000
Gretarsson,Helgi,Helgi Gretarsson,Iceland,1977,
Grigoriev,Nikolay,Nikolay Grigoriev,Russia,1895,1935
Grigoryan,Avetik,Avetik Grigoryan,Armenia,1989,
Grimm,Vincent,Vincent Grimm,"Austria,Hungary",1800,1872
Grischuk,Alexander,Alexander Grischuk,Russia,1983,
Grivas,Efstratios,Efstratios Grivas,Greece,1966,
Grob,Henri,Henri Grob,Switzerland,1904,1974
Gromer,Aristide,Aristide Gromer,France,1909,
Groot,Adriaan de,Adriaan de Groot,Netherlands,1914,2006
Gruenfeld,Yehuda,Yehuda Gruenfeld,"Poland,Israel",1956,
Grundy,James,James Grundy,"England,US",1855,1919
Grynfeld,Izaak,Izaak Grynfeld,"Poland,Israel",1920,
Grünfeld,Ernst,Ernst Grünfeld,Austria,1893,1962
Gu,Xiaobing,Gu Xiaobing,China,1985,
Gudju,Ion,Ion Gudju,Romania,1897,1988
Guerrero,Gilberto Hernández,Gilberto Hernández Guerrero,Mexico,1970,
Gufeld,Eduard,Eduard Gufeld,"Ukraine,US",1936,2002
Guggenberger,Ilse,Ilse Guggenberger,Colombia,1942,
Guimard,Carlos,Carlos Guimard,Argentina,1913,1998
Gulko,Boris,Boris Gulko,"Russia,US",1947,
Gundersen,Gunnar,Gunnar Gundersen,"France,Norway,Australia",1882,1943
Gunsberg,Isidor,Isidor Gunsberg,"Hungary,England",1854,1930
Gurevich,Mikhail,Mikhail Gurevich,"Ukraine,Belgium,Turkey",1959,
Gurevich,Dmitry,Dmitry Gurevich,"Russia,US",1956,
Gurevich,Ilya,Ilya Gurevich,"Ukraine,US",1972,
Gurgenidze,Bukhuti,Bukhuti Gurgenidze,Georgia,1933,2008
Gustafsson,Jan,Jan Gustafsson,Germany,1979,
Guthi,Emanuel,Emanuel Guthi,Israel,1938,
Gutman,Lev,Lev Gutman,"Latvia,Israel,Germany",1945,
Gygli,Fritz,Fritz Gygli,Switzerland,1896,1980
Gyles,Alfred William,Alfred William Gyles,New Zealand,1888,1967
Hahn,Anna,Anna Hahn,"Latvia,US",1976,
Halberstadt,Vitaly,Vitaly Halberstadt,"Ukraine,France",1903,1967
Halprin,Alexander,Alexander Halprin,"Russia,Austria",1868,1921
Hamarat,Tunc,Tunc Hamarat,"Turkey,Austria",1946,
Hamdouchi,Hichem,Hichem Hamdouchi,Morocco,1972,
Hamid,Rani,Rani Hamid,Bangladesh,1944,
Hammer,Jon Ludvig,Jon Ludvig Hammer,Norway,1990,
Hamppe,Carl,Carl Hamppe,"Switzerland,Austria",1814,1876
Hanauer,Milton,Milton Hanauer,US,1908,1988
Hanham,James,James Hanham,US,1840,1923
Hanneken,Hermann von,Hermann von Hanneken,Germany,1810,1886
Hansen,Curt,Curt Hansen,Denmark,1964,
Hanstein,Wilhelm,Wilhelm Hanstein,Germany,1811,1850
Harandi,Khosro,Khosro Harandi,Iran,1950,
Harika,Dronavalli,Dronavalli Harika,India,1991,
Harikrishna,Pendyala,Pendyala Harikrishna,India,1986,
Harmonist,Max,Max Harmonist,Germany,1864,1907
Harrwitz,Daniel,Daniel Harrwitz,"Germany,France",1823,1884
Hartston,William,William Hartston,England,1947,
Hasenfuss,Wolfgang,Wolfgang Hasenfuss,Latvia,1900,1944
Haslinger,Stewart,Stewart Haslinger,England,1981,
Hauchard,Arnaud,Arnaud Hauchard,France,1971,
Haussernot,Cécile,Cécile Haussernot,France,1998,
Hawkins,Jonathan,Jonathan Hawkins,England,1983,
Hebden,Mark,Mark Hebden,England,1958,
Hebert,Jean,Jean Hebert,Canada,1957,
Hecht,Hans-Joachim,Hans-Joachim Hecht,Germany,1939,
Hector,Jonny,Jonny Hector,Sweden,1964,
Heemskerk,Fenny,Fenny Heemskerk,Netherlands,1919,2007
Heidenfeld,Wolfgang,Wolfgang Heidenfeld,"Germany,South Africa,Ireland",1911,1981
Heilpern,Jakub,Jakub Heilpern,Poland,1850,1910
Heinicke,Herbert,Herbert Heinicke,"Brazil,Germany",1905,1988
Heinrichsen,Arved,Arved Heinrichsen,Lithuania,1879,1900
Heisman,Dan,Dan Heisman,US,1950,
Helbach,Grigory,Grigory Helbach,Russia,1863,1930
Helling,Karl,Karl Helling,Germany,1904,1937
Hellsten,Johan,Johan Hellsten,Sweden,1975,
Helms,Hermann,Hermann Helms,US,1870,1963
Henley,Ron,Ron Henley,US,1956,
Henneberger,Walter,Walter Henneberger,Switzerland,1883,1969
Henneberger,Moriz,Moriz Henneberger,Switzerland,1878,1959
Hergott,Deen,Deen Hergott,Canada,1962,
Herland,Sigmund,Sigmund Herland,Romania,1865,1954
Herman,Róża,Róża Herman,Poland,1902,1995
Hilse,Wilhelm,Wilhelm Hilse,Germany,1878,1940
Hirschbein,Moshe,Moshe Hirschbein,Poland,1894,1940
Hirschel,Moses,Moses Hirschel,Germany,1754,c. 1823
Hirschfeld,Philipp,Philipp Hirschfeld,Germany,1840,1896
Hjartarson,Jóhann,Jóhann Hjartarson,Iceland,1963,
Hodges,Albert,Albert Hodges,US,1861,1944
Hodgson,Julian,Julian Hodgson,England,1963,
Hoek,Arnold van den,Arnold van den Hoek,Netherlands,1921,1945
Hoffer,Leopold,Leopold Hoffer,"Hungary,France,England",1842,1913
Holloway,Edith,Edith Holloway,England,1868,1956
Holländer,Karl,Karl Holländer,Germany,1868,? 
Holzhausen,Walther von,Walther von Holzhausen,"Austria,Germany",1876,1935
Hook,Bill,Bill Hook,"US,British Virgin Islands",1925,2010
Horowitz,Israel,Israel Horowitz,US,1907,1973
Hort,Vlastimil,Vlastimil Hort,"Czechoslovakia,Germany",1944,
Horwitz,Bernhard,Bernhard Horwitz,"Germany,England",1807,1885
Hosmer,Henry,Henry Hosmer,US,1837,1892
Hossain,Enamul,Enamul Hossain,Bangladesh,1981,
Hou,Yifan,Hou Yifan,China,1994,
Houska,Jovanka,Jovanka Houska,England,1980,
Howell,James,James Howell,England,1967,
Howell,David,David Howell,England,1990,
Howell,Clarence,Clarence Howell,US,1881,1936
Hołuj-Radzikowska,Krystyna,Krystyna Hołuj-Radzikowska,Poland,1931,2006
Hruby,Vincenz,Vincenz Hruby,"Bohemia,Austria,Italy",1856,1917
Hráček,Zbyněk,Zbyněk Hráček,Czech Republic,1970,
Huang,Qian,Huang Qian,China,1986,
Hug,Werner,Werner Hug,Switzerland,1952,
Hulak,Krunoslav,Krunoslav Hulak,Croatia,1951,
Humpy,Koneru,Koneru Humpy,India,1987,
Hunt,Harriet,Harriet Hunt,England,1978,
Huzman,Alexander,Alexander Huzman,"Ukraine,Israel",1962,
Hönlinger,Baldur,Baldur Hönlinger,"Austria,Germany",1905,1990
Hübner,Robert,Robert Hübner,Germany,1948,
Ibragimov,Ildar,Ildar Ibragimov,"Russia,US",1967,
Igla,Bella,Bella Igla,"Russia,Israel",1985,
Iliesco,Juan,Juan Iliesco,"Romania,Argentina",1898,1968
Illa,Rolando,Rolando Illa,"US,Cuba,Argentina",1880,1937
Ilyin-Zhenevsky,Alexander,Alexander Ilyin-Zhenevsky,Russia,1894,1941
Inarkiev,Ernesto,Ernesto Inarkiev,"Kyrgyzstan,Russia",1985,
Iordachescu,Viorel,Viorel Iordachescu,Moldova,1977,
Ioseliani,Nana,Nana Ioseliani,Georgia,1962,
Ipatov,Alexander,Alexander Ipatov,"Ukraine,Spain,Turkey",1993,
Istrățescu,Andrei,Andrei Istrățescu,Romania,1985,
Iuldachev,Saidali,Saidali Iuldachev,Uzbekistan,1968,
Ivanchuk,Vassily,Vassily Ivanchuk,Ukraine,1969,
Ivanov,Igor,Igor Ivanov,"Russia,Canada,US",1947,2005
Ivanov,Alexander,Alexander Ivanov,US,1956,
Ivanović,Božidar,Božidar Ivanović,Montenegro,1949,
Ivkov,Borislav,Borislav Ivkov,Serbia,1933,
Izbinsky,Stefan,Stefan Izbinsky,Ukraine,1884,1912
Izoria,Zviad,Zviad Izoria,Georgia,1984,
Jacková,Jana,Jana Jacková,Czech Republic,1982,
Jacobsen,Egil,Egil Jacobsen,Denmark,1897,1923
Jacobson,Ernst,Ernst Jacobson,Sweden,?,?
Jaenisch,Carl,Carl Jaenisch,"Finland,Russia",1813,1872
Jaffe,Charles,Charles Jaffe,"Russia,US",1883,1941
Jagielski,Jerzy,Jerzy Jagielski,"Poland,Germany",1897,1955
Jakovenko,Dmitry,Dmitry Jakovenko,Russia,1983,
Jakovleva,Lora,Lora Jakovleva,Russia,1932,
Janowski,Dawid,Dawid Janowski,"Poland,France",1868,1927
Janowski,Chaim,Chaim Janowski,"Poland,Germany,Japan",c. 1868,1935
Janošević,Dragoljub,Dragoljub Janošević,Serbia,1923,1993
Jansa,Vlastimil,Vlastimil Jansa,Czech Republic,1942,
Jasnogrodsky,Nicolai,Nicolai Jasnogrodsky,"Ukraine,England,US",1859,1914
Jauregui,Carlos,Carlos Jauregui,"Chile,Canada",1932,2013
Jenni,Florian,Florian Jenni,Switzerland,1980,
Jiménez,Eleazar,Eleazar Jiménez,Cuba,1928,2000
Jobava,Baadur,Baadur Jobava,Georgia,1983,
Johannessen,Leif Erlend,Leif Erlend Johannessen,Norway,1980,
Johannessen,Svein,Svein Johannessen,Norway,1937,2007
Johansen,Darryl,Darryl Johansen,Australia,1959,
John,Walter,Walter John,"Poland,Germany",1879,1940
Johner,Paul,Paul Johner,Switzerland,1887,1938
Johner,Hans,Hans Johner,Switzerland,1889,1975
Jones,Gawain,Gawain Jones,England,1987,
Jones,Iolo,Iolo Jones,Wales,1947,
Journoud,Paul,Paul Journoud,France,1821,1882
Ju,Wenjun,Ju Wenjun,China,1991,
Judd,Max,Max Judd,"Poland,US",1851,1906
Junge,Klaus,Klaus Junge,"Chile,Germany",1924,1945
Junge,Otto,Otto Junge,"Chile,Germany",1887,1978
Jursevskis,Miervaldis,Miervaldis Jursevskis,"Latvia,Canada",1921,2014
Kagan,Shimon,Shimon Kagan,Israel,1942,
Kagan,Bernhard,Bernhard Kagan,"Poland,Germany",1866,1932
Kahn,Victor,Victor Kahn,"Russia,France",1889,1971
Kaidanov,Gregory,Gregory Kaidanov,"Ukraine,Russia,US",1959,
Kaila,Osmo,Osmo Kaila,Finland,1916,1991
Kalme,Charles,Charles Kalme,"Latvia,Germany,US",1939,2003
Kamsky,Gata,Gata Kamsky,"Russia,US",1974,
Kan,Ilya,Ilya Kan,Russia,1909,1978
Kann,Marcus,Marcus Kann,Austria,1820,1886
Kapengut,Albert,Albert Kapengut,"Belarus,US",1944,
Kaplan,Julio,Julio Kaplan,"Argentina,Puerto Rico,US",1950,
Kapš,Darja,Darja Kapš,Slovenia,1981,
Karff,Mona May,Mona May Karff,"Moldova,Russia,Palestine,US",1914,1998
Karjakin,Sergey,Sergey Karjakin,Ukraine,1990,
Karlovich,Anastasiya,Anastasiya Karlovich,Ukraine,1982,
Karpov,Anatoly,Anatoly Karpov,Russia,1951,
Kashdan,Isaac,Isaac Kashdan,US,1905,1985
Kasimdzhanov,Rustam,Rustam Kasimdzhanov,Uzbekistan,1979,
Kasparov,Garry,Garry Kasparov,"Azerbaijan,Russia",1963,
Kasparyan,Genrikh,Genrikh Kasparyan,Armenia,1910,1995
Katětov,Miroslav,Miroslav Katětov,Czechoslovakia,1918,1995
Kaufmann,Arthur,Arthur Kaufmann,"Romania,Austria",1872,1940
Kavalek,Lubomir,Lubomir Kavalek,"Czechoslovakia,US",1943,
Kazhgaleyev,Murtas,Murtas Kazhgaleyev,Kazakhstan,1973,
Keene,Raymond,Raymond Keene,England,1948,
Keidanski,Hermann,Hermann Keidanski,"Poland,Germany",1865,1938
Keller,Rudolf,Rudolf Keller,Germany,1917,1993
Keller,Dieter,Dieter Keller,Switzerland,1936,
Keller-Herrmann,Edith,Edith Keller-Herrmann,Germany,1921,2010
Kelly,Brian,Brian Kelly,Ireland,1978,
Kemény,Emil,Emil Kemény,"Hungary,US",1860,1925
Kennedy,Hugh Alexander,Hugh Alexander Kennedy,"Ireland,England",1809,1878
Keres,Paul,Paul Keres,Estonia,1916,1975
Kermeur,Legall de,Legall de Kermeur,France,1702,1792
Kevitz,Alexander,Alexander Kevitz,US,1902,1981
Khadilkar,Rohini,Rohini Khadilkar,India,1963,
Khalifman,Alexander,Alexander Khalifman,Russia,1966,
Khan,Mir Sultan,Mir Sultan Khan,"India,Pakistan",1905,1966
Kharlov,Andrei,Andrei Kharlov,Russia,1968,2014
Khavin,Abram,Abram Khavin,Ukraine,1914,1974
Khenkin,Igor,Igor Khenkin,"Russia,Germany",1968,
Khismatullin,Denis,Denis Khismatullin,Russia,1984,
Kholmov,Ratmir,Ratmir Kholmov,"Russia,Belarus,Lithuania",1925,2006
Khoudgarian,Natalia,Natalia Khoudgarian,"Russia,Canada",1975,
Khurtsidze,Nino,Nino Khurtsidze,Georgia,1975,2018
Kibbermann,Feliks,Feliks Kibbermann,Estonia,1902,1993
Kieninger,Georg,Georg Kieninger,Germany,1902,1975
Kieseritzky,R.K.,R.K. Kieseritzky,"Estonia,Russia",c. 1870,after 1922
Kieseritzky,Lionel,Lionel Kieseritzky,"Estonia,France",1806,1853
King,Daniel,Daniel King,England,1963,
Kinnmark,Olof,Olof Kinnmark,Sweden,1897,1970
Kinnmark,Ove,Ove Kinnmark,Sweden,1944,
Klaus,Georg,Georg Klaus,Germany,1912,1974
Kleczyński,Jan,Jan Kleczyński Sr.,Poland,1837,1895
Kleczyński,Jan,Jan Kleczyński Jr.,Poland,1875,1939
Klein,Ernst,Ernst Klein,"Austria,England",1910,1990
Klein,Paul,Paul Klein,"Germany,Ecuador",1930,
Kling,Josef,Josef Kling,Germany,1811,1876
Klovāns,Jānis,Jānis Klovāns,Latvia,1935,2010
Kluger,Gyula,Gyula Kluger,Hungary,1914,1994
Kmoch,Hans,Hans Kmoch,"Austria,Netherlands,US",1894,1973
Knaak,Rainer,Rainer Knaak,Germany,1953,
Knorre,Viktor,Viktor Knorre,Russia,1840,1919
Kobalia,Mikhail,Mikhail Kobalia,Russia,1978,
Koblencs,Alexander,Alexander Koblencs,Latvia,1916,1993
Koch,Berthold,Berthold Koch,Germany,1899,1988
Kochyev,Alexander,Alexander Kochyev,Russia,1956,
Kogan,Boris,Boris Kogan,"Russia,US",1940,1993
Kogan,Artur,Artur Kogan,"Ukraine,Israel",1974,
Kohler,Anton,Anton Kohler,Germany,c. 1907,1961
Kohn,Stanisław,Stanisław Kohn,Poland,1895,1940
Kokarev,Dmitry,Dmitry Kokarev,Russia,1982,
Kolisch,Ignác,Ignác Kolisch,"Slovakia,Austria-Hungary",1837,1899
Kolski,Jakub,Jakub Kolski,Poland,1899,1941
Koltanowski,Georges,Georges Koltanowski,"Belgium,US",1903,2000
Konarkowska-Sokolov,Henrijeta,Henrijeta Konarkowska-Sokolov,"Poland,Serbia",1938,
Koneru,Humpy,Humpy Koneru,India,1987,
Kong,Wong Meng,Wong Meng Kong,Singapore,1963,
Kong,Chan Peng,Chan Peng Kong,Singapore,1956,
Konikowski,Jerzy,Jerzy Konikowski,"Poland,Germany",1947,
Konstantinopolsky,Alexander,Alexander Konstantinopolsky,Ukraine,1910,1990
Koon-Jong,Jason Goh,Jason Goh Koon-Jong,Singapore,1989,
Kopec,Danny,Danny Kopec,US,1954,
Korchnoi,Viktor,Viktor Korchnoi,"Russia,Switzerland",1931,2016
Kore,Akshayraj,Akshayraj Kore,India,1988,
Korobov,Anton,Anton Korobov,Ukraine,1985,
Korody,Imre,Imre Korody,Hungary,1905,1969
Korotylev,Alexey,Alexey Korotylev,Russia,1977,
Kosashvili,Yona,Yona Kosashvili,"Georgia,Israel",1970,
Koshnitsky,Gary,Gary Koshnitsky,"Moldova,Australia",1907,1999
Kosintseva,Tatiana,Tatiana Kosintseva,Russia,1986,
Kosintseva,Nadezhda,Nadezhda Kosintseva,Russia,1985,
Kosteniuk,Alexandra,Alexandra Kosteniuk,Russia,1984,
Kostić,Boris,Boris Kostić,"Austria-Hungary,Yugoslavia",1887,1963
Kotov,Alexander,Alexander Kotov,Russia,1913,1981
Kotronias,Vasilios,Vasilios Kotronias,Greece,1964,
Kotrč,Jan,Jan Kotrč,Czechoslovakia,1862,1943
Kotsur,Pavel,Pavel Kotsur,Kazakhstan,1974,
Kottnauer,Čeněk,Čeněk Kottnauer,"Czechoslovakia,England",1910,1996
Kouatly,Bachar,Bachar Kouatly,"Syria,Liban,France",1958,
Kovačević,Vlatko,Vlatko Kovačević,Croatia,1942,
Kovchan,Alexander,Alexander Kovchan,Ukraine,1983,
Koyalovich,Boris,Boris Koyalovich,Russia,1867,1941
Kozlovskaya,Valentina,Valentina Kozlovskaya,Russia,1938,
Kozul,Zdenko,Zdenko Kozul,Croatia,1966,
Kraai,Jesse,Jesse Kraai,US,1972,
Kraemer,Adolf,Adolf Kraemer,Germany,1898,1972
Kraidman,Yair,Yair Kraidman,Israel,1932,
Kramer,Adolf,Adolf Kramer,Germany,1871,1934
Kramer,Haije,Haije Kramer,Netherlands,1917,2004
Kramnik,Vladimir,Vladimir Kramnik,Russia,1975,
Krasenkow,Michał,Michał Krasenkow,"Russia,Poland",1963,
Krause,Orla Hermann,Orla Hermann Krause,Denmark,1867,1935
Kravtsiv,Martyn,Martyn Kravtsiv,Ukraine,1990,
Kreiman,Boris,Boris Kreiman,"Russia,US",1976,
Krejcik,Josef,Josef Krejcik,Austria,1885,1957
Kremer,Leon,Leon Kremer,Poland,1901,1941
Kreuzer,Martin,Martin Kreuzer,Germany,1962,
Kristol,Ljuba,Ljuba Kristol,"Russia,Israel",1944,
Kriventsov,Stanislav,Stanislav Kriventsov,"Russia,US",1973,
Krogius,Nikolai,Nikolai Krogius,Russia,1930,
Krush,Irina,Irina Krush,"Ukraine,US",1983,
Kryvoruchko,Yuriy,Yuriy Kryvoruchko,Ukraine,1986,
Krüger,Paul,Paul Krüger,Germany,1871,1939
Kubbel,Arvid,Arvid Kubbel,Russia,1889,1938
Kubbel,Leonid,Leonid Kubbel,Russia,1891,1942
Kudrin,Sergey,Sergey Kudrin,"Russia,US",1959,
Kuligowski,Adam,Adam Kuligowski,Poland,1955,
Kunte,Abhijit,Abhijit Kunte,India,1977,
Kupchik,Abraham,Abraham Kupchik,"Belarus,US",1892,1970
Kupreichik,Viktor,Viktor Kupreichik,Belarus,1949,2017
Kurajica,Bojan,Bojan Kurajica,Bosnia and Herzegovina,1947,
Kurnosov,Igor,Igor Kurnosov,Russia,1985,2013
Kushnir,Alla,Alla Kushnir,"Russia,Israel",1941,2013
Kuzmin,Gennady,Gennady Kuzmin,Russia,1946,
Kuzubov,Yuriy,Yuriy Kuzubov,Ukraine,1990,
Kvicala,Jan,Jan Kvicala,Czechoslovakia,1868,1939
Köhnlein,Friedrich,Friedrich Köhnlein,Germany,1879,1916
König,Imre,Imre König,"Hungary,Yugoslavia,England,US",1899,1992
Külaots,Kaido,Kaido Külaots,Estonia,1976,
Lahno,Kateryna,Kateryna Lahno,Ukraine,1989,
Lalić,Bogdan,Bogdan Lalić,"Yugoslavia/Croatia,England",1964,
Lamprecht,Frank,Frank Lamprecht,Germany,1968,
Landa,Konstantin,Konstantin Landa,Russia,1972,
Landau,Salo,Salo Landau,"Poland,Netherlands",1903,1944
Lane,Lisa,Lisa Lane,US,1938,
Lane,Gary,Gary Lane,"England,Australia",1964,
Lange,Max,Max Lange,Germany,1832,1899
Langleben,Salomon,Salomon Langleben,Poland,1862,1939
Larsen,Bent,Bent Larsen,Denmark,1935,2010
Larsson,Ernst,Ernst Larsson,Sweden,1897,1963
Lasa,Baron Tassilo von Heydebrand und der,Baron Tassilo von Heydebrand und der Lasa,Prussia/Germany,1818,1899
Lasker,Emanuel,Emanuel Lasker,"Germany,Russia,US",1868,1941
Lasker,Berthold,Berthold Lasker,Germany,1860,1928
Lasker,Edward,Edward Lasker,"Poland,Germany,US",1885,1981
Lauberte,Milda,Milda Lauberte,Latvia,1918,2009
Laurine,Leho,Leho Laurine,"Estonia,Sweden",1904,1998
Lautier,Joël,Joël Lautier,"Canada,France",1973,
Laylo,Darwin,Darwin Laylo,Philippines,1980,
Lazard,Gustave,Gustave Lazard,France,1876,1949
Lazard,Frédéric,Frédéric Lazard,France,1883,1948
Lazarević,Milunka,Milunka Lazarević,Serbia,1932,
Laznicka,Viktor,Viktor Laznicka,Czech Republic,1988,
Lebedev,Sergey,Sergey Lebedev,Russia,1868,1942
Lee,Peter,Peter Lee,England,1943,
Leepin,Peter,Peter Leepin,Switzerland,1920,1995
Lein,Anatoly,Anatoly Lein,"Russia,US",1931,2018
Lenderman,Alex,Alex Lenderman,US,1989,
Lennep,Norman van,Norman van Lennep,Netherlands,1872,1897
Leonard,James A.,James A. Leonard,US,1841,1862
Leonardo,Giovanni,Giovanni Leonardo,Italy,1542,1587
Leonhardt,Paul Saladin,Paul Saladin Leonhardt,"Poland,Germany",1877,1934
Lerner,Konstantin,Konstantin Lerner,Ukraine,1950,2011
Lesiege,Alexandre,Alexandre Lesiege,Canada,1975,
Lessing,Norman,Norman Lessing,US,1911,2001
Letelier,René,René Letelier,Chile,1915,2006
Levenfish,Grigory,Grigory Levenfish,"Poland,Russia",1889,1961
Levin,Naum,Naum Levin,"Ukraine,Australia",1933,
Levin,Alexander,Alexander Levin,Russia,1871,1929
Levin,Jacob,Jacob Levin,US,1904,?
Levitina,Irina,Irina Levitina,"Russia,US",1954,
Levitsky,Stepan,Stepan Levitsky,Russia,1876,1924
Levy,David,David Levy,Scotland,1945,
Lewi,Jerzy,Jerzy Lewi,"Poland,Sweden",1949,1972
Lewitt,Moritz,Moritz Lewitt,Germany,1863,1936
Li,Wenliang,Li Wenliang,China,1967,
Li,Zunian,Li Zunian,China,1958,
Li,Chao,Li Chao,China,1989,
Li,Ruofan,Li Ruofan,Singapore,1978,
Li,LiShongjian,Shongjian,China,1939,
Li,Shilong,Li Shilong,China,1977,
Liang,Chong,Liang Chong,China,1980,
Liang,Jinrong,Liang Jinrong,China,1960,
Liberzon,Vladimir,Vladimir Liberzon,"Russia,Israel",1937,
Lichtenhein,Theodor,Theodor Lichtenhein,"Germany,US",1829,1874
Lie,Kjetil Aleksander,Kjetil Aleksander Lie,Norway,1980,
Lie,Espen,Espen Lie,Norway,1984,
Lilienthal,Andor,Andor Lilienthal,"Hungary,Russia",1911,2010
Lima,Darcy,Darcy Lima,Brazil,1962,
Lin,Weiguo,Lin Weiguo,China,1970,
Lin,Ta,Lin Ta,China,1963,
Lipke,Paul,Paul Lipke,Germany,1870,1955
Lipnitsky,Isaac,Isaac Lipnitsky,Ukraine,1923,1959
Lipschütz,Samuel,Samuel Lipschütz,"Hungary,US",1863,1905
Lisitsin,Georgy,Georgy Lisitsin,Russia,1909,1972
List,Paul,Paul List,"Ukraine,Germany,England",1887,1954
Litinskaya-Shul,Marta,Marta Litinskaya-Shul,Ukraine,1949,
Littlewood,John,John Littlewood,England,1931,2009
Liu,Wenzhe,Liu Wenzhe,China,1940,
Liu,Shilan,Liu Shilan,China,1962,
Liêm,Lê Quang,Lê Quang Liêm,Vietnam,1991,
Ljubojević,Ljubomir,Ljubomir Ljubojević,Serbia,1950,
Lobron,Eric,Eric Lobron,"US,Germany",1960,
Lokvenc,Josef,Josef Lokvenc,Austria,1899,1974
Lolli,Giambattista,Giambattista Lolli,Italy,1698,1769
Loman,Rudolf,Rudolf Loman,Netherlands,1861,1932
Lombardy,William,William Lombardy,US,1937,2017
Lowtzky,Moishe,Moishe Lowtzky,"Ukraine,Poland",1881,1940
Loyd,Sam,Sam Loyd,US,1841,1911
Lputian,Smbat,Smbat Lputian,Armenia,1958,
Lucena,Luis Ramirez,Luis Ramirez Lucena,Spain,c. 1465,c. 1530
Luckis,Markas,Markas Luckis,"Lithuania,Argentina",1905,1973
Lukin,Andrey,Andrey Lukin,Russia,1948,
Lundholm,Stig,Stig Lundholm,Sweden,1917,2009
Lundin,Erik,Erik Lundin,Sweden,1904,1988
Lupi,Francisco,Francisco Lupi,Portugal,before 1910,1954
Lupulescu,Constantin,Constantin Lupulescu,Romania,1984,
Luther,Thomas,Thomas Luther,Germany,1969,
Lutz,Christopher,Christopher Lutz,Germany,1971,
Lékó,Péter,Péter Lékó,Hungary,1979,
López de Segura,Ruy,Ruy López de Segura,Spain,c. 1530,c. 1580
Löwe,Edward,Edward Löwe,England,1794,1880
Löwenborg,Otto,Otto Löwenborg,Sweden,1888,1969
Löwenthal,Johann,Johann Löwenthal,"Hungary,England",1810,1876
Löwy,Leopold,Leopold Löwy Sr,Austria,1840,>1904
Löwy,Leopold,Leopold Löwy Jr,Austria,1871,>1909
MacLeod,Nicholas,Nicholas MacLeod,Canada,1870,1965
Machate,Gottlieb,Gottlieb Machate,Germany,1904,1974
Machtas,Aleksandras,Aleksandras Machtas,"Lithuania,Israel",1892,1973
Macieja,Bartłomiej,Bartłomiej Macieja,Poland,1977,
Mackenzie,George Henry,George Henry Mackenzie,"Scotland,US",1837,1891
Maderna,Carlos,Carlos Maderna,Argentina,1910,1976
Magerramov,Elmar,Elmar Magerramov,Azerbaijan,1958,
Maghami,Ehsan Ghaem,Ehsan Ghaem Maghami,Iran,1982,
Majdan,Joanna,Joanna Majdan,Poland,1988,
Makarczyk,Kazimierz,Kazimierz Makarczyk,Poland,1901,1972
Makogonov,Vladimir,Vladimir Makogonov,Azerbaijan,1904,1993
Makovetz,Gyula,Gyula Makovetz,Hungary,1860,1903
Malakhatko,Vadim,Vadim Malakhatko,"Ukraine,Belgium",1977,
Malakhov,Vladimir,Vladimir Malakhov,Russia,1980,
Malaniuk,Vladimir,Vladimir Malaniuk,"Russia,Ukraine",1957,
Maliutin,Boris,Boris Maliutin,Russia,1883,1920
Mališauskas,Vidmantas,Vidmantas Mališauskas,Lithuania,1963,
Mamedov,Nidjat,Nidjat Mamedov,Azerbaijan,1985,
Mamedyarov,Shakhriyar,Shakhriyar Mamedyarov,Azerbaijan,1985,
Mammadov,Rauf,Rauf Mammadov,Azerbaijan,1988,
Manakova,Maria,Maria Manakova,Serbia,1974,
Mar,Karmen,Karmen Mar,Slovenia,1987,
Marache,Napoleon,Napoleon Marache,"France,US",1818,1875
Marchand,Max,Max Marchand,Netherlands,1888,1957
Marco,Georg,Georg Marco,"Romania,Austria",1863,1923
Marin,Mihail,Mihail Marin,Romania,1965,
Marinello,Beatriz,Beatriz Marinello,Chile,1964,
Mariotti,Sergio,Sergio Mariotti,Italy,1946,
Marić,Mirjana,Mirjana Marić,Serbia,1970,
Marić,Alisa,Alisa Marić,Serbia,1970,
Markowski,Tomasz,Tomasz Markowski,Poland,1975,
Markoš,Ján,Ján Markoš,Slovakia,1985,
Markuš,Robert,Robert Markuš,Serbia,1984,
Marotti,Davide,Davide Marotti,Italy,1881,1940
Marović,Dražen,Dražen Marović,Croatia,1938,
Marshall,Frank,Frank Marshall,US,1877,1944
Martinez,Dion,Dion Martinez,"Cuba,US",1837,1928
Martinolich,Giovanni,Giovanni Martinolich,Italy,1884,1910
Maróczy,Géza,Géza Maróczy,Hungary,1870,1951
Mascarinas,Rico,Rico Mascarinas,Philippines,1954,
Mashian,Houshang,Houshang Mashian,"Iran,Israel",1938,
Mason,James,James Mason,"Ireland,US,England",1849,1905
Mastrovasilis,Dimitrios,Dimitrios Mastrovasilis,Greece,1983,
Matanović,Aleksandar,Aleksandar Matanović,Serbia,1930,
Matibet,Louis Betbeder,Louis Betbeder Matibet,France,1901,1986
Matisons,Hermanis,Hermanis Matisons,Latvia,1894,1932
Matulović,Milan,Milan Matulović,Serbia,1935,2013
Matveeva,Svetlana,Svetlana Matveeva,Russia,1969,
Mayet,Carl,Carl Mayet,Germany,1810,1868
Mazel,Isaak,Isaak Mazel,"Belarus,Russia",1911,1943
McDonald,Neil,Neil McDonald,England,1967,
McDonnell,Alexander,Alexander McDonnell,Ireland,1798,1835
McNab,Colin,Colin McNab,Scotland,1961,
McShane,Luke,Luke McShane,England,1984,
Mecking,Henrique,Henrique Mecking,Brazil,1952,
Medina,Antonio,Antonio Medina,Spain,1919,2003
Mednis,Edmar,Edmar Mednis,"Latvia,US",1937,2002
Megaranto,Susanto,Susanto Megaranto,Indonesia,1987,
Meitner,Philipp,Philipp Meitner,Austria,1838,1910
Melkumyan,Hrant,Hrant Melkumyan,Armenia,1989,
Menchik,Vera,Vera Menchik,"Russia,Czechoslovakia,England",1906,1944
Menchik,Olga,Olga Menchik,"Russia,Czechoslovakia,England",1908,1944
Mendes,João de Souza,João de Souza Mendes,Brazil,1892,1969
Mendheim,Julius,Julius Mendheim,Germany,1788,1836
Mendoza,Luciana Morales,Luciana Morales Mendoza,Peru,1987,
Mestel,Jonathan,Jonathan Mestel,England,1957,
Metger,Johannes,Johannes Metger,Germany,1850,1926
Mežgailis,Voldemars,Voldemars Mežgailis,Latvia,1912,
Michel,Walter,Walter Michel,Switzerland,1888,>1935
Michel,Paul,Paul Michel,"Germany,Argentina",1905,1977
Michell,Reginald Price,Reginald Price Michell,England,1873,1938
Mieses,Samuel,Samuel Mieses,Germany,1841,1884
Mieses,Jacques,Jacques Mieses,"Germany,England",1865,1954
Mikhalchishin,Adrian,Adrian Mikhalchishin,"Ukraine,Slovenia",1954,
Mikhalevski,Victor,Victor Mikhalevski,"Belarus,Israel",1972,
Mikėnas,Vladas,Vladas Mikėnas,"Estonia,Lithuania",1910,1992
Miladinović,Igor,Igor Miladinović,Serbia,1974,
Miles,Tony,Tony Miles,England,1955,2001
Milev,Zdravko,Zdravko Milev,Bulgaria,1929,1984
Milic,Borislav,Borislav Milic,Yugoslavia,1925,1986
Milliet,Sophie,Sophie Milliet,France,1983,
Milner-Barry,Stuart,Stuart Milner-Barry,England,1906,1995
Milov,Vadim,Vadim Milov,"Russia,Israel,Switzerland",1972,
Minasian,Artashes,Artashes Minasian,Armenia,1987,
Minckwitz,Johannes,Johannes Minckwitz,Germany,1843,1901
Minev,Nikolay,Nikolay Minev,"Bulgaria,US",1931,2017
Minić,Dragoljub,Dragoljub Minić,Montenegro,1936,2005
Miroshnichenko,Evgenij,Evgenij Miroshnichenko,Ukraine,1978,
Mirzoev,Azer,Azer Mirzoev,Azerbaijan,1978,
Mitoń,Kamil,Kamil Mitoń,Poland,1984,
Mišanović,Vesna,Vesna Mišanović,Bosnia,1964,
Mkrtchian,Lilit,Lilit Mkrtchian,Armenia,1982,
Mlotkowski,Stasch,Stasch Mlotkowski,US,1881,1943
Model,Abram,Abram Model,"Latvia,Russia",1896,1976
Moehle,Charles,Charles Moehle,US,1859,1898
Moeller,Jorgen,Jorgen Moeller,Denmark,1873,1944
Mohiliver,Ariah,Ariah Mohiliver,"Poland,Israel",1904,
Mohr,Stefan,Stefan Mohr,Germany,1967,
Mongredien,Augustus,Augustus Mongredien,England,1807,1888
Monosson,Léon,Léon Monosson,"Belarus,France",1892,1943
Mont,Julius du,Julius du Mont,"France,England",1881,1956
Monticelli,Mario,Mario Monticelli,Italy,1902,1995
Mora,María Teresa,María Teresa Mora,Cuba,1902,1980
Moradi,Elshan,Elshan Moradi,Iran,1985,
Morawski,Kalikst,Kalikst Morawski,Poland,1859,c. 1939
Moritz,Bruno,Bruno Moritz,"Germany,Ecuador",1900,?
Morovic,Iván,Iván Morovic,Chile,1963,
Moroz,Alexander,Alexander Moroz,Ukraine,1961,2009
Morozevich,Alexander,Alexander Morozevich,Russia,1977,
Morphy,Paul,Paul Morphy,US,1837,1884
Morrison,John,John Morrison,Canada,1889,1975
Morshed,Niaz,Niaz Morshed,Bangladesh,1966,
Motwani,Paul,Paul Motwani,Scotland,1962,
Motylev,Alexander,Alexander Motylev,Russia,1979,
Movsesian,Sergei,Sergei Movsesian,"Armenia,Slovakia",1978,
Mross,Paul,Paul Mross,"Poland,Germany",1910,1991
Mrva,Martin,Martin Mrva,Slovakia,1971,
Muffang,André,André Muffang,France,1897,1989
Murdzia,Piotr,Piotr Murdzia,Poland,1975,
Murey,Jacob,Jacob Murey,"Russia,Israel",1941,
Muro,Augusto de,Augusto de Muro,Argentina,?,1959
Mutesi,Phiona,Phiona Mutesi,Uganda,?,?
Muzychuk,Anna,Anna Muzychuk,"Ukraine,Slovenia",1990,
Muñoz,César,César Muñoz,Ecuador,1929,2000
Myagmarsuren,Lhamsuren,Lhamsuren Myagmarsuren,Mongolia,1938,
Myers,Hugh,Hugh Myers,US,1930,2008
Mádl,Ildikó,Ildikó Mádl,Hungary,1969,
Möller,Baldur,Baldur Möller,Iceland,<1921,
Müller,Hans,Hans Müller,Austria,1896,1971
Müller,Karsten,Karsten Müller,Germany,1970,
Nadanian,Ashot,Ashot Nadanian,Armenia,1972,
Naegeli,Oskar,Oskar Naegeli,Switzerland,1885,1959
Nagy,Géza,Géza Nagy,Hungary,1892,1953
Naiditsch,Arkadij,Arkadij Naiditsch,"Latvia,Germany",1985,
Nakamura,Hikaru,Hikaru Nakamura,"Japan,US",1987,
Napier,William,William Napier,"England,US",1881,1952
Napolitano,Mario,Mario Napolitano,Italy,1910,1995
Naranja,Renato,Renato Naranja,Philippines,1940,
Narayanan,Srinath,Srinath Narayanan,India,1994,
Naroditsky,Daniel,Daniel Naroditsky,US,1995,
Navara,David,David Navara,Czech Republic,1985,
Nebolsina,Vera,Vera Nebolsina,Russia,1989,
Nedeljković,Ozren,Ozren Nedeljković,Serbia,1903,1984
Needleman,Gastón,Gastón Needleman,Argentina,1990,
Negi,Parimarjan,Parimarjan Negi,India,1993,
Nei,Iivo,Iivo Nei,Estonia,1931,
Neikirch,Oleg,Oleg Neikirch,"Georgia,Bulgaria",1914,1985
Nenarokov,Vladimir,Vladimir Nenarokov,Russia,1880,1953
Nepomniachtchi,Ian,Ian Nepomniachtchi,Russia,1990,
Nestler,Vincenzo,Vincenzo Nestler,Italy,1912,1988
Neumann,Augustin,Augustin Neumann,Austria,1879,1906
Neumann,Gustav,Gustav Neumann,Germany,1838,1881
Nevednichy,Vladislav,Vladislav Nevednichy,Romania,1969,
Neverov,Valeriy,Valeriy Neverov,Ukraine,1962,
Nezhmetdinov,Rashid,Rashid Nezhmetdinov,Russia,1912,1974
Ni,Hua,Ni Hua,China,1983,
Nickel,Arno,Arno Nickel,Germany,1952,
Nickoloff,Bryon,Bryon Nickoloff,Canada,1956,2004
Nielsen,Torkil,Torkil Nielsen,Faroe Islands,1964,
Nielsen,Peter Heine,Peter Heine Nielsen,Denmark,1973,
Nielsen,Bjørn,Bjørn Nielsen,Denmark,1907,1949
Niephaus,Walter,Walter Niephaus,Germany,1923,1992
Nikolaevsky,Yuri,Yuri Nikolaevsky,Ukraine,1937,
Nikolaidis,Ioannis,Ioannis Nikolaidis,Greece,1971,
Nikolić,Predrag,Predrag Nikolić,Bosnia and Herzegovina,1960,
Nilsson,Allan,Allan Nilsson,Sweden,1899,1949
Nimzowitsch,Aron,Aron Nimzowitsch,"Latvia,Denmark",1886,1935
Ning,Chunhong,Ning Chunhong,China,1968,
Nisipeanu,Liviu-Dieter,Liviu-Dieter Nisipeanu,Romania,1976,
Noa,Josef,Josef Noa,Hungary,1856,1903
Nogueiras,Jesus,Jesus Nogueiras,Cuba,1959,
Norcia,Federico,Federico Norcia,Italy,1904,1985
Norman-Hansen,Holger,Holger Norman-Hansen,Denmark,1899,1984
Norwood,David,David Norwood,England,1968,
Noteboom,Daniël,Daniël Noteboom,Netherlands,1910,1932
Novikov,Igor,Igor Novikov,"Ukraine,US",1962,
Novotelnov,Nikolay,Nikolay Novotelnov,Russia,1911,2006
Nowarra,Heinz,Heinz Nowarra,Germany,1897,c. 1945
Nunn,John,John Nunn,England,1955,
Nyback,Tomi,Tomi Nyback,Finland,1985,
Nyholm,Gustaf,Gustaf Nyholm,Sweden,1880,1957
Nyzhnyk,Illya,Illya Nyzhnyk,Ukraine,1996,
Nürnberg,Friedrich,Friedrich Nürnberg,Germany,1909,1984
Němcová,Kateřina,Kateřina Němcová,Czech Republic,1990,
O'Connell,Kevin,Kevin O'Connell,"England,Ireland",1949,
O'Hanlon,John,John O'Hanlon,Ireland,1876,1960
O'Kelly de Galway,Albéric,Albéric O'Kelly de Galway,Belgium,1911,1980
Odeev,Handszar,Handszar Odeev,Turkmenistan,1972,
Ojanen,Kaarle,Kaarle Ojanen,Finland,1918,2009
Oleksienko,Mikhailo,Mikhailo Oleksienko,Ukraine,1986,
Oll,Lembit,Lembit Oll,Estonia,1966,1999
Olland,Adolf Georg,Adolf Georg Olland,Netherlands,1867,1933
Olson,Anton,Anton Olson,Sweden,1881,>1928
Onischuk,Alexander,Alexander Onischuk,"Ukraine,US",1975,
Opočensky,Karel,Karel Opočensky,Czechoslovakia,1892,1975
Orbach,Wilhelm,Wilhelm Orbach,Germany,1894,1944
Oren,Menachem,Menachem Oren,"Poland,Israel",1901,1962
Oskam,Gerard,Gerard Oskam,Netherlands,1880,1952
Ostenstad,Berge,Berge Ostenstad,Norway,1964,
Owen,John,John Owen,England,1827,1901
Ozols,Karlis,Karlis Ozols,"Latvia,Australia",1912,2001
Pachman,Ludek,Ludek Pachman,"Czechoslovakia,Germany",1924,2003
Padevsky,Nikola,Nikola Padevsky,Bulgaria,1933,
Palac,Mladen,Mladen Palac,Croatia,1971,
Palatnik,Sam,Sam Palatnik,"Ukraine,US",1950,
Palau,Luis,Luis Palau,Argentina,1897,1971
Palciauskas,Victor,Victor Palciauskas,"Lithuania,US",1941,
Palermo,Carlos Garcia,Carlos Garcia Palermo,"Argentina,Italy",1953,
Palliser,Richard,Richard Palliser,England,1981,
Palme,Rudolf,Rudolf Palme,Austria,1910,2005
Palmer,Ryan,Ryan Palmer,Jamaica,1974,
Palo,Davor,Davor Palo,Denmark,1985,
Paloheimo,Eero,Eero Paloheimo,Finland,1936,
Panno,Oscar,Oscar Panno,Argentina,1935,
Panov,Vasily,Vasily Panov,Russia,1906,1973
Paragua,Mark,Mark Paragua,Philippines,1984,
Paridar,Shadi,Shadi Paridar,Iran,1986,
Parligras,Mircea,Mircea Parligras,Romania,1980,
Parma,Bruno,Bruno Parma,Slovenia,1941,
Parr,Frank,Frank Parr,England,1918,2003
Paulsen,Wilfried,Wilfried Paulsen,Germany,1828,1901
Paulsen,Louis,Louis Paulsen,Germany,1833,1891
Pavasovič,Duško,Duško Pavasovič,"Croatia,Slovenia",1975,
Pavey,Max,Max Pavey,US,1918,1957
Pelikán,Jiří,Jiří Pelikán,"Czechoslovakia,Argentina",1906,1985
Pelletier,Yannick,Yannick Pelletier,Switzerland,1976,
Pelts,Roman,Roman Pelts,"Ukraine,Canada",1937,
Peng,Xiaomin,Peng Xiaomin,China,1973,
Peng,Zhaoqin,Peng Zhaoqin,China,1978,
Penrose,Jonathan,Jonathan Penrose,England,1933,
Peptan,Corina,Corina Peptan,Romania,1978,
Perlis,Julius,Julius Perlis,"Poland,Austria",1880,1913
Perrin,Frederic,Frederic Perrin,"England,US",1815,1889
Persitz,Raaphi,Raaphi Persitz,"England,Israel,Switzerland",1934,
Persson,Tiger Hillarp,Tiger Hillarp Persson,Sweden,1970,
Pert,Nick,Nick Pert,England,1981,
Peters,John,John Peters,US,1951,
Petkevich,Jusefs,Jusefs Petkevich,Latvia,1940,
Petrosian,Arshak,Arshak Petrosian,Armenia,1953,
Petrosian,Tigran,Tigran Petrosian,"Armenia,Georgia,USSR",1929,1984
Petrosian,Davit G.,Davit G. Petrosian,Armenia,1984,
Petrov,Alexander,Alexander Petrov,Russia,1794,1867
Petrovs,Vladimirs,Vladimirs Petrovs,Latvia,1907,1943
Pfeiffer,Gerhard,Gerhard Pfeiffer,Germany,1923,2000
Pfleger,Helmut,Helmut Pfleger,Germany,1943,
Philidor,François-André Danican,François-André Danican Philidor,France,1726,1795
Piazzini,Luis,Luis Piazzini,Argentina,1905,1980
Piket,Jeroen,Jeroen Piket,Netherlands,1969,
Pillsbury,Harry Nelson,Harry Nelson Pillsbury,US,1872,1906
Pilnik,Herman,Herman Pilnik,"Germany,Argentina",1914,1981
Piltz,Karol,Karol Piltz,Poland,1903,1939
Pinkus,Albert,Albert Pinkus,US,1903,1984
Pintér,József,József Pintér,Hungary,1953,
Pirc,Vasja,Vasja Pirc,Slovenia,1907,1980
Pitschak,Rudolf,Rudolf Pitschak,"Czechoslovakia,US",1902,
Pitschel,Karl,Karl Pitschel,Austria,1829,1883
Pixton,Aaron,Aaron Pixton,US,1986,
Plachetka,Ján,Ján Plachetka,Slovakia,1945,
Planinc,Albin,Albin Planinc,Slovenia,1944,2008
Plaskett,James,James Plaskett,"England,Spain",1960,
Plater,Kazimierz,Kazimierz Plater,Poland,1915,2004
Platonov,Igor,Igor Platonov,Ukraine,1934,1995
Platz,Joseph,Joseph Platz,"Germany,US",1905,1981
Pleci,Isaias,Isaias Pleci,Argentina,1907,1979
Podhorzer,David,David Podhorzer,Austria,<1916,
Pogonina,Natalia,Natalia Pogonina,Russia,1985,
Pogorieły,Henryk,Henryk Pogorieły,Poland,1908,1943
Pogosyants,Ernest,Ernest Pogosyants,Ukraine,1935,1990
Pogrebyssky,Iosif,Iosif Pogrebyssky,Ukraine,1906,1971
Pokorny,Rudolph,Rudolph Pokorny,"Bohemia,Mexico,US",1880,after 1920
Pokorný,Amos,Amos Pokorný,Czechoslovakia,1890,1949
Polerio,Giulio,Giulio Polerio,Italy,1548,1612
Polgar,Zsofia,Zsofia Polgar,"Hungary,Israel",1974,
Polgar,Zsuzsa,Zsuzsa Polgar,"Hungary,US",1969,
Polgár,Judit,Judit Polgár,Hungary,1976,
Polihroniade,Elisabeta,Elisabeta Polihroniade,Romania,1935,2016
Polland,David,David Polland,US,1915,
Pollock,William,William Pollock,United Kingdom,1859,1896
Polugaevsky,Lev,Lev Polugaevsky,"Belarus,Russia",1934,1995
Pomar,Arturo,Arturo Pomar,Spain,1931,2016
Ponomariov,Ruslan,Ruslan Ponomariov,Ukraine,1983,
Pons,Francisco Vallejo,Francisco Vallejo Pons,Spain,1982,
Ponziani,Domenico,Domenico Ponziani,Italy,1719,1796
Popel,Stepan,Stepan Popel,"Poland,France,US",1909,1987
Popiel,Ignatz von,Ignatz von Popiel,"Austria-Hungary,Poland",1863,1941
Poplawski,Artur,Artur Poplawski,"Poland,Switzerland",1860,1918
Popović,Petar,Petar Popović,"Yugoslavia,Serbia",1959,
Porath,Yosef,Yosef Porath,"Germany,Israel",1909,1996
Porges,Moritz,Moritz Porges,Bohemia/Austria-Hungary,1857,1909
Portisch,Lajos,Lajos Portisch,Hungary,1937,
Post,Ehrhardt,Ehrhardt Post,Germany,1881,1947
Postny,Evgeny,Evgeny Postny,Israel,1981,
Potemkine,Peter,Peter Potemkine,"Russia,France",1886,1926
Potkin,Vladimir,Vladimir Potkin,Russia,1982,
Potuček,Ludovit,Ludovit Potuček,Slovakia,<1921,
Poulsen,Christian,Christian Poulsen,Denmark,1912,1981
Pourkashiyan,Atousa,Atousa Pourkashiyan,Iran,1988,
Predojević,Borki,Borki Predojević,Bosnia,1987,
Price,Edith Charlotte,Edith Charlotte Price,England,1872,1952
Prins,Lodewijk,Lodewijk Prins,Netherlands,1913,1999
Prudnikova,Svetlana,Svetlana Prudnikova,Russia,1967,
Przepiórka,Dawid,Dawid Przepiórka,Poland,1880,1942
Psakhis,Lev,Lev Psakhis,"Russia,Israel",1958,
Ptacnikova,Lenka,Lenka Ptacnikova,"Czechoslovakia,Iceland",1976,
Puc,Stojan,Stojan Puc,Slovenia,1921,2004
Pupols,Viktors,Viktors Pupols,"Latvia,US",1935,
Purdy,John,John Purdy,Australia,1935,2011
Purdy,Cecil,Cecil Purdy,"New Zealand,Australia",1906,1979
Pähtz,Elisabeth,Elisabeth Pähtz,Germany,1985,
Qi,Jingxuan,Qi Jingxuan,China,1947,
Quinteros,Miguel,Miguel Quinteros,Argentina,1947,
Quiñones,Oscar,Oscar Quiñones,Peru,1941,
Rabar,Braslav,Braslav Rabar,Croatia,1919,1973
Rabinovich,Abram,Abram Rabinovich,"Lithuania,Russia",1878,1943
Rabinovich,Ilya,Ilya Rabinovich,Russia,1891,1942
Radjabov,Teimour,Teimour Radjabov,Azerbaijan,1987,
Radulov,Ivan,Ivan Radulov,Bulgaria,1939,
Ragger,Markus,Markus Ragger,Austria,1988,
Ragozin,Viacheslav,Viacheslav Ragozin,Russia,1908,1962
Rahman,Ziaur,Ziaur Rahman,Bangladesh,1974,
Raizman,Maurice,Maurice Raizman,"Moldova/Russia,France",1905,1974
Rajlich,Iweta,Iweta Rajlich,Poland,1981,
Ramesh,Ramachandran,Ramachandran Ramesh,India,1976,
Ramírez,Alejandro,Alejandro Ramírez,Costa Rica,1988,
Rapport,Richárd,Richárd Rapport,Hungary,1996,
Rashkovsky,Nukhim,Nukhim Rashkovsky,Russia,1946,
Raud,Ilmar,Ilmar Raud,"Estonia,Argentina",1913,1941
Rauzer,Vsevolod,Vsevolod Rauzer,Ukraine,1908,1941
Razuvayev,Yuri,Yuri Razuvayev,Russia,1945,2012
Reca,Damian,Damian Reca,Argentina,1894,1937
Ree,Hans,Hans Ree,Netherlands,1944,
Regedziński,Teodor,Teodor Regedziński,Poland,1894,1954
Reggio,Arturo,Arturo Reggio,Italy,1863,1917
Reilly,Brian,Brian Reilly,"France,England,Ireland",1901,1991
Reinderman,Dimitri,Dimitri Reinderman,Netherlands,1972,
Reinfeld,Fred,Fred Reinfeld,US,1910,1964
Reinhardt,Heinrich,Heinrich Reinhardt,"Germany,Argentina",1903,1990
Reischer,Salome,Salome Reischer,"Austria,Palestine,US",1899,1980
Rejfir,Josef,Josef Rejfir,Czechoslovakia,1909,1962
Rellstab,Ludwig,Ludwig Rellstab,Germany,1904,1983
Renaud,Georges,Georges Renaud,France,1893,1975
Reshevsky,Samuel,Samuel Reshevsky,"Poland,US",1911,1992
Riazantsev,Alexander,Alexander Riazantsev,Russia,1985,
Ribli,Zoltán,Zoltán Ribli,Hungary,1951,
Ricardi,Pablo,Pablo Ricardi,Argentina,1962,
Rice,Isaac,Isaac Rice,US,1850,1915
Richter,Kurt,Kurt Richter,Germany,1900,1969
Rico,Antonio,Antonio Rico,Spain,1908,1988
Riegler,Alessandra,Alessandra Riegler,Italy,1961,
Riemann,Fritz,Fritz Riemann,Germany,1859,1932
Riemsdijk,Herman Claudius van,Herman Claudius van Riemsdijk,"Netherlands,Brazil",1948,
Rinder,Friedl,Friedl Rinder,Germany,1905,2001
Rittner,Horst,Horst Rittner,Germany,1930,
Riumin,Nikolai,Nikolai Riumin,Russia,1908,1942
Rivière,Jules Arnous de,Jules Arnous de Rivière,France,1830,1905
Robatsch,Karl,Karl Robatsch,Austria,1928,2000
Robinow,Walter,Walter Robinow,Germany,1867,1938
Robson,Ray,Ray Robson,US,1994,
Rodshtein,Maxim,Maxim Rodshtein,Israel,1989,
Roepstorff,Hans,Hans Roepstorff,Germany,1910,1945
Rogers,Ian,Ian Rogers,Australia,1960,
Rogmann,Gustav,Gustav Rogmann,Germany,1909,1947
Rogoff,Kenneth,Kenneth Rogoff,US,1953,
Rogozenko,Dorian,Dorian Rogozenko,Romania,1973,
Rohaček,Ivan Vladimir,Ivan Vladimir Rohaček,Slovakia,1909,1977
Rohde,Michael,Michael Rohde,US,1959,
Roiz,Michael,Michael Roiz,"Russia,Israel",1983,
Romanishin,Oleg,Oleg Romanishin,Ukraine,1952,
Romanovsky,Peter,Peter Romanovsky,Russia,1892,1964
Romanovsky,Alexander,Alexander Romanovsky,"Lithuania,Russia",1880,1943
Romih,Max,Max Romih,"Croatia,Italy",1893,1979
Ronde,Chris de,Chris de Ronde,"Netherlands,Argentina",1912,1996
Roodzant,Catharina,Catharina Roodzant,Netherlands,1896,1999
Rootare,Vidrik,Vidrik Rootare,Estonia,c. 1900,1985
Rootare,Salme,Salme Rootare,Estonia,1913,1987
Rosanes,Jakob,Jakob Rosanes,"Ukraine/Austria-Hungary,Germany",1842,1922
Roselli,Bernardo,Bernardo Roselli,Uruguay,1965,
Rosen,Leon,Leon Rosen,"Poland,US",1869,1942
Rosendahl,Andreas,Andreas Rosendahl,Denmark,1864,1909
Rosenkrantz,Karl Wilhelm,Karl Wilhelm Rosenkrantz,"Latvia,Russia",1876,>1928
Rosenthal,Samuel,Samuel Rosenthal,"Poland,France",1837,1902
Rosenthal,Jacob,Jacob Rosenthal,US,1881,1954
Ross,Laura,Laura Ross,US,1988,
Rossetto,Héctor,Héctor Rossetto,Argentina,1922,2009
Rossolimo,Nicolas,Nicolas Rossolimo,"Ukraine,France,US",1910,1975
Rotlewi,Gersz,Gersz Rotlewi,Poland,1889,1920
Rousseau,Eugéne,Eugéne Rousseau,France,c. 1810,c. 1870
Roux,Jean-Pierre Le,Jean-Pierre Le Roux,France,1982,
Rowson,Jonathan,Jonathan Rowson,Scotland,1977,
Rozental,Solomon,Solomon Rozental,"Lithuania,Belarus,Russia",1890,1955
Rozentalis,Eduardas,Eduardas Rozentalis,Lithuania,1963,
Rožič,Vesna,Vesna Rožič,Slovenia,1987,2013
Ruan,Lufei,Ruan Lufei,China,1987,
Rubanraut,Serge,Serge Rubanraut,"China,Australia",1948,2008
Ruben,Karl,Karl Ruben,Denmark,1903,
Rubinetti,Jorge,Jorge Rubinetti,Argentina,1945,
Rubinstein,Emanuel,Emanuel Rubinstein,Poland,1897,?
Rubinstein,José,José Rubinstein,Argentina,1940,
Rubinstein,Simon,Simon Rubinstein,"Austria,South Africa",c. 1910,
Rubinstein,Solomon,Solomon Rubinstein,"Poland,US",1868,1931
Rubinstein,Akiba,Akiba Rubinstein,"Poland,Germany,Belgium",1882,1961
Rublevsky,Sergei,Sergei Rublevsky,Russia,1974,
Rubtsova,Olga,Olga Rubtsova,Russia,1909,1994
Rudakovsky,Iosif,Iosif Rudakovsky,Ukraine,1914,1947
Rudenko,Lyudmila,Lyudmila Rudenko,"Ukraine,Russia",1904,1986
Rudge,Mary,Mary Rudge,England,1842,1919
Rudnev,Nikoly,Nikoly Rudnev,"Ukraine,Uzbekistan",1895,1944
Rudolf,Anna,Anna Rudolf,Hungary,1987,
Rueb,Alexander,Alexander Rueb,Netherlands,1882,1959
Rytshagov,Mikhail,Mikhail Rytshagov,Estonia,1967,
Réthy,Pál,Pál Réthy,Hungary,1905,1962
Réti,Richard,Richard Réti,"Austria-Hungary,Czechoslovakia",1889,1929
Rödl,Ludwig,Ludwig Rödl,Germany,1907,1970
Saburov,Peter Petrovich,Peter Petrovich Saburov,"Russia,Switzerland",1880,1932
Saburov,Peter Alexandrovich,Peter Alexandrovich Saburov,Russia,1835,1918
Sacconi,Antonio,Antonio Sacconi,Italy,1895,1968
Sadler,Matthew,Matthew Sadler,England,1974,
Sadvakasov,Darmen,Darmen Sadvakasov,Kazakhstan,1979,
Safvat,Yousof,Yousof Safvat,Iran,?,
"Saint-Amant,de",Pierre Charles Fournier,Pierre Charles Fournier de Saint-Amant,France,1800,1872
Sakaev,Konstantin,Konstantin Sakaev,Russia,1974,
Sakharov,Yuri,Yuri Sakharov,Ukraine,1922,1981
Salov,Valery,Valery Salov,Russia,1964,
Salvio,Alessandro,Alessandro Salvio,Italy,c. 1570,c. 1640
Salwe,Gersz,Gersz Salwe,Poland,1862,1920
Samarian,Sergiu,Sergiu Samarian,"Romania,Germany",1923,1991
Sanakoev,Grigory,Grigory Sanakoev,Russia,1935,
Sandrin,Albert,Albert Sandrin Jr.,US,1923,2004
Sanguineti,Raúl,Raúl Sanguineti,Argentina,1933,2000
Santasiere,Anthony,Anthony Santasiere,US,1904,1977
Sapira,Emmanuel,Emmanuel Sapira,"Romania,Belgium",1900,1943
Sarapu,Ortvin,Ortvin Sarapu,"Estonia,New Zealand",1924,1999
Sarfati,Jonathan,Jonathan Sarfati,"Australia,New Zealand",1964,
Sargissian,Gabriel,Gabriel Sargissian,Armenia,1983,
Sarosy,Zoltan,Zoltan Sarosy,"Hungary,Canada",1906,2017
Sarratt,Jacob,Jacob Sarratt,England,1772,1819
Sarwer,Jeff,Jeff Sarwer,Canada,1978,
Sasikiran,Krishnan,Krishnan Sasikiran,India,1981,
Saunders,Harold,Harold Saunders,England,1875,1950
Savchenko,Stanislav,Stanislav Savchenko,Ukraine,1967,
Savon,Vladimir,Vladimir Savon,Ukraine,1940,2005
Sax,Gyula,Gyula Sax,Hungary,1951,
Schallopp,Emil,Emil Schallopp,Germany,1843,1919
Schapiro,Morris,Morris Schapiro,"Lithuania,US",1903,1996
Schelfhout,Willem,Willem Schelfhout,Netherlands,1874,1951
Scheltinga,Theo van,Theo van Scheltinga,Netherlands,1914,1994
Scheve,Theodor von,Theodor von Scheve,Germany,1851,1922
Schiffers,Emanuel,Emanuel Schiffers,Russia,1850,1904
Schlage,Willi,Willi Schlage,Germany,1888,1940
Schlechter,Carl,Carl Schlechter,Austria,1874,1918
Schmaltz,Roland,Roland Schmaltz,Germany,1974,
Schmid,Lothar,Lothar Schmid,Germany,1928,2013
Schmid,Carl Friedrich,Carl Friedrich Schmid,Latvia,1840,1897
Schmidt,Wlodzimierz,Wlodzimierz Schmidt,Poland,1943,
Schmidt,Paul Felix,Paul Felix Schmidt,"Estonia,Germany,US",1916,1984
Schmitt,Ludwig,Ludwig Schmitt,Germany,<1910,
Schories,Georg,Georg Schories,Germany,1874,1934
Schorn,Karl,Karl Schorn,Germany,1803,1850
Schottländer,Arnold,Arnold Schottländer,Germany,1854,1909
Schubert,František,František Schubert,Czechoslovakia,1894,1940
Schulten,John William,John William Schulten,US,1821,1875
Schulz,Jan,Jan Schulz,Czechoslovakia,1899,1953
Schwartzman,Aaron,Aaron Schwartzman,Argentina,1908,
Schwartzman,Gabriel,Gabriel Schwartzman,"Romania,US",1976,
Schwartzmann,Leon,Leon Schwartzmann,"Poland,France",1887,1942
Schwartzmann,Paulette,Paulette Schwartzmann,"Latvia,France,Argentina",1910,
Schwarz,Jacques,Jacques Schwarz,Austria,1856,1921
Schwarz,Adolf,Adolf Schwarz,"Hungary,Austria",1836,1910
Schweber,Samuel,Samuel Schweber,Argentina,1936,
Schönmann,Wilhelm,Wilhelm Schönmann,Germany,1889,1970
Sebag,Marie,Marie Sebag,France,1986,
Segovia,Fernando Visier,Fernando Visier Segovia,Spain,1943,
Seirawan,Yasser,Yasser Seirawan,"Syria,US",1960,
Seitz,Adolf,Adolf Seitz,"Germany,Argentina",1898,1970
Selezniev,Alexey,Alexey Selezniev,"Russia,France",1888,1967
Semenova,Lidia,Lidia Semenova,Ukraine,1951,
Sepp,Olav,Olav Sepp,Estonia,1969,
Sergeant,Edward Guthlac,Edward Guthlac Sergeant,England,1881,1961
Sergeant,Philip Walsingham,Philip Walsingham Sergeant,England,1872,1952
Sergeyev,Aleksandr,Aleksandr Sergeyev,Russia,1897,1970
Sermek,Drazen,Drazen Sermek,Slovenia,1969,
Serper,Gregory,Gregory Serper,"Uzbekistan,US",1969,
Shabalov,Alexander,Alexander Shabalov,"Latvia,US",1967,
Shahade,Jennifer,Jennifer Shahade,US,1980,
Shahade,Greg,Greg Shahade,US,1978,
Shamkovich,Leonid,Leonid Shamkovich,"Russia,Israel,US",1923,2005
Shankar,Gauri,Gauri Shankar,India,1992,
Shankland,Samuel,Samuel Shankland,US,1991,
Shariyazdanov,Andrey,Andrey Shariyazdanov,Russia,1976,
Shaughnessy,Elizabeth,Elizabeth Shaughnessy,"Ireland,US",1937,
Shen,Yang,Shen Yang,China,1989,
Sherwin,James,James Sherwin,"US,England",1933,
Shipov,Sergei,Sergei Shipov,Russia,1966,
Shirazi,Kamran,Kamran Shirazi,"Iran,US,France",1952,
Shirov,Alexei,Alexei Shirov,"Latvia,Spain",1972,
Short,Nigel,Nigel Short,England,1965,
Showalter,Jackson,Jackson Showalter,US,1860,1935
Shulman,Yury,Yury Shulman,"Belarus,US",1975,
Shumov,Ilya,Ilya Shumov,Russia,1819,1881
Sicre,Félix,Félix Sicre,Cuba,1817,1871
Siegheim,Bruno Edgar,Bruno Edgar Siegheim,"Germany,South Africa",1875,1952
Sigurjónsson,Guðmundur,Guðmundur Sigurjónsson,Iceland,1947,
Silman,Jeremy,Jeremy Silman,US,1954,
Simagin,Vladimir,Vladimir Simagin,Russia,1919,1968
Simonson,Albert,Albert Simonson,US,1914,1965
Simutowe,Amon,Amon Simutowe,Zambia,1982,
Sisniega Campbell,Marcel,Marcel Sisniega Campbell,Mexico,1959,
Sittenfeld,Stanislaus,Stanislaus Sittenfeld,"Poland,France",1865,1902
Sjugirov,Sanan,Sanan Sjugirov,Russia,1993,
Skalička,Karel,Karel Skalička,"Czechoslovakia,Argentina",1896,1979
Skripchenko,Almira,Almira Skripchenko,"Moldova,France",1976,
Sloan,Sam,Sam Sloan,United States,1944,
Slobodjan,Roman,Roman Slobodjan,Germany,1975,
Sloth,Jørn,Jørn Sloth,Denmark,1944,
Smeets,Jan,Jan Smeets,Netherlands,1985,
Smejkal,Jan,Jan Smejkal,Czechoslovakia,1946,
Smerdon,David,David Smerdon,Australia,1984,
Smiltiner,Shlomo,Shlomo Smiltiner,Israel,1915,2015
Smirin,Ilya,Ilya Smirin,"Belarus,Israel",1968,
Smirnov,Pavel,Pavel Smirnov,Russia,1982,
Smith,Stephen Francis,Stephen Francis Smith,"Canada,England",1861,1928
Smyslov,Vasily,Vasily Smyslov,Russia,1921,2010
Smyslov,Vasily Osipovich,Vasily Osipovich Smyslov,Russia,1881,1943
So,Wesley,Wesley So,Philippines,1993,
Sokolov,Ivan,Ivan Sokolov,"Bosnia,Netherlands",1968,
Sokolov,Andrei,Andrei Sokolov,"Russia,France",1963,
Sokolsky,Alexey,Alexey Sokolsky,"Russia,Ukraine,Belarus",1908,1969
Solak,Dragan,Dragan Solak,Serbia,1980,
Solovtsov,Alexander,Alexander Solovtsov,Russia,1847,1923
Soltis,Andrew,Andrew Soltis,US,1947,
Sorin,Ariel,Ariel Sorin,Argentina,1967,
Sosonko,Genna,Genna Sosonko,"Russia,Netherlands",1943,
Soultanbeieff,Victor,Victor Soultanbeieff,"Russia,Belgium",1895,1972
Sournin,Vladimir,Vladimir Sournin,"Russia,US",1875,1942
Soćko,Bartosz,Bartosz Soćko,Poland,1978,
Soćko,Monika,Monika Soćko,Poland,1978,
Spangenberg,Hugo,Hugo Spangenberg,Argentina,1975,
Spasov,Vasil,Vasil Spasov,Bulgaria,1971,
Spassky,Boris,Boris Spassky,"Russia,France",1937,
Speelman,Jon,Jon Speelman,England,1956,
Speijer,Abraham,Abraham Speijer,Netherlands,1873,1956
Spielmann,Rudolf,Rudolf Spielmann,"Austria,Sweden",1883,1942
Spraggett,Kevin,Kevin Spraggett,Canada,1954,
Srebrnič,Ana,Ana Srebrnič,Slovenia,1984,
Stamm,Wilhelm von,Wilhelm von Stamm,Latvia,?,1905
Stamma,Phillip,Phillip Stamma,"Syria,England,France",1705,1755
Stanec,Nikolaus,Nikolaus Stanec,Austria,1968,
Stanley,Charles,Charles Stanley,"England,US",1819,1901
Starr,Nava,Nava Starr,"Latvia,Canada",1949,
Staunton,Howard,Howard Staunton,England,1810,1874
Stean,Michael,Michael Stean,England,1953,
Stefanova,Antoaneta,Antoaneta Stefanova,Bulgaria,1979,
Stefansson,Hannes,Hannes Stefansson,Iceland,1972,
Stein,Leonid,Leonid Stein,Ukraine,1934,1973
Stein,Elias,Elias Stein,"Alsace,Netherlands",1748,1812
Steiner,Lajos,Lajos Steiner,"Hungary,Australia",1903,1975
Steiner,Herman,Herman Steiner,"Slovakia/Hungary,US",1905,1955
Steiner,Endre,Endre Steiner,Hungary,1901,1944
Steinitz,Wilhelm,Wilhelm Steinitz,"Bohemia,Austria,England,US",1836,1900
Stellwagen,Daniel,Daniel Stellwagen,Netherlands,1987,
Sterk,Károly,Károly Sterk,Hungary,1881,1946
Stern,Adolf,Adolf Stern,Germany,1849,1907
Sterren,Paul van der,Paul van der Sterren,Netherlands,1956,
Stevenson,Agnes,Agnes Stevenson,England,<1901,1935
Stock,Lara,Lara Stock,Croatia,1992,
Stolberg,Mark,Mark Stolberg,Russia,1922,1943
Stoltz,Gösta,Gösta Stoltz,Sweden,1904,1963
Stolzenberg,Leon,Leon Stolzenberg,"Poland,US",1895,1974
Sturua,Zurab,Zurab Sturua,Georgia,1964,
Ståhlberg,Gideon,Gideon Ståhlberg,Sweden,1908,1967
Suba,Mihai,Mihai Suba,Romania,1947,
Suetin,Alexey,Alexey Suetin,Russia,1926,2001
Suhle,Berthold,Berthold Suhle,"Poland,Germany",1837,1904
Sulik,Franciszek,Franciszek Sulik,"Poland,Argentina,Australia",1908,2000
Summerscale,Aaron,Aaron Summerscale,England,1969,
Sunnucks,Anne,Anne Sunnucks,England,1927,
Sunye Neto,Jaime,Jaime Sunye Neto,Brazil,1957,
Sutovsky,Emil,Emil Sutovsky,"Azerbaijan,Israel",1977,
Suttles,Duncan,Duncan Suttles,Canada,1945,
Sveshnikov,Evgeny,Evgeny Sveshnikov,Latvia,1950,
Svetushkin,Dmitry,Dmitry Svetushkin,Moldova,1980,
Svidler,Peter,Peter Svidler,Russia,1976,
Swiderski,Rudolf,Rudolf Swiderski,Germany,1878,1909
Szabados,Eugenio,Eugenio Szabados,"Hungary,Italy",1898,1974
Szabó,László,László Szabó,Hungary,1917,1998
Szapiro,Gedali,Gedali Szapiro,"Poland,Israel",1929,
Szapiro,Salomon,Salomon Szapiro,Poland,1882,1944
Sze,Rudolph,Rudolph Sze,"China,US",c. 1890,1938
Szily,József,József Szily,Hungary,1913,1976
Szmetan,Jorge,Jorge Szmetan,Argentina,1950,
Sznapik,Aleksander,Aleksander Sznapik,Poland,1951,
Szpiro,Abram,Abram Szpiro,"Germany,Poland",1912,1943
Szén,József,József Szén,Hungary,1805,1857
Sánchez,Luis Augusto,Luis Augusto Sánchez,Colombia,1917,1981
Sämisch,Friedrich (Fritz),Friedrich (Fritz) Sämisch,Germany,1896,1975
Süchting,Hugo,Hugo Süchting,Germany,1874,1916
Taimanov,Mark,Mark Taimanov,"Ukraine,Russia",1926,2016
Takács,Sándor,Sándor Takács,Hungary,1893,1932
Tal,Mikhail,Mikhail Tal,Latvia,1936,1992
Tan,Hiong Liong,Hiong Liong Tan,"Indonesia,Netherlands",1938,2009
Tan,Lian Ann,Lian Ann Tan,Singapore,1947,
Tan,Chengxuan,Tan Chengxuan,China,1963,
Tapasztó,László,László Tapasztó,"Hungary,Venezuela,US",1930,
Tarjan,James,James Tarjan,US,1952,
Tarrasch,Siegbert,Siegbert Tarrasch,Germany,1862,1934
Tartakower,Savielly,Savielly Tartakower,"Austria/Poland,France",1887,1956
Taubenhaus,Jean,Jean Taubenhaus,"Poland,France",1850,1919
Taussig,Lev,Lev Taussig,Czechoslovakia,1880,?
Tautvaišas,Povilas,Povilas Tautvaišas,"Lithuania,US",1916,1980
Te Kolsté,Jan Willem,Jan Willem te Kolsté,Netherlands,1874,1936
Teichmann,Richard,Richard Teichmann,Germany,1868,1925
Tenner,Oscar,Oscar Tenner,"Germany,US",1880,1948
Teschner,Rudolf,Rudolf Teschner,Germany,1922,2006
Teterev,Vitaly,Vitaly Teterev,Belarus,1983,
Thipsay,Praveen,Praveen Thipsay,India,1959,
Thiruchelvam,Murugan,Murugan Thiruchelvam,England,1988,
Thomas,George Alan,George Alan Thomas,"Turkey,England",1881,1972
Thompson,James,James Thompson,"England,US",1804,1870
Thompson,Theophilus,Theophilus Thompson,US,1855,
Tian,Tian,Tian Tian,China,1983,
Tietz,Viktor,Viktor Tietz,Czechoslovakia,1859,1937
Tikkanen,Hans,Hans Tikkanen,Sweden,1985,
Timman,Jan,Jan Timman,Netherlands,1951,
Timmerman,Gert Jan,Gert Jan Timmerman,Netherlands,1956,
Timofeev,Artyom,Artyom Timofeev,Russia,1985,
Tinsley,Samuel,Samuel Tinsley,England,1847,1903
Tisdall,Jonathan,Jonathan Tisdall,"US,Norway",1958,
Tiviakov,Sergei,Sergei Tiviakov,"Russia,Netherlands",1973,
Tkachiev,Vladislav,Vladislav Tkachiev,"Russia,Kazakhstan,France",1973,
Todorcevic,Miodrag,Miodrag Todorcevic,"Serbia,France",1940,
Tolush,Alexander,Alexander Tolush,Russia,1910,1969
Tomashevsky,Evgeny,Evgeny Tomashevsky,Russia,1987,
Tong,Yuanming,Tong Yuanming,China,1972,
Tonini,Alice,Alice Tonini,Italy,?,?
Topalov,Veselin,Veselin Topalov,Bulgaria,1975,
Torre,Eugenio,Eugenio Torre,Philippines,1951,
Torre Repetto,Carlos,Carlos Torre Repetto,México,1902,1978
Torriente,Celso Golmayo,Celso Golmayo Torriente,"Cuba,Spain",1879,1924
Torriente,Manuel Golmayo,Manuel Golmayo Torriente,"Cuba,Spain",1883,1973
Toshev,Yury,Yury Toshev,Bulgaria,1907,1974
Towbin,Izaak,Izaak Towbin,"Ukraine,Poland",1899,1941
Trang,Hoang Thanh,Hoang Thanh Trang,"Vietnam,Hungary",1980,
Traxler,Karel,Karel Traxler,Czechoslovakia,1866,1936
Trenchard,Herbert William,Herbert William Trenchard,England,1857,1934
Trent,Lawrence,Lawrence Trent,England,1986,
Treybal,Karel,Karel Treybal,Czechoslovakia,1885,1941
Treybal,František,František Treybal,Czechoslovakia,1882,1942
Treysman,George,George Treysman,US,1881,1959
Trifunović,Petar,Petar Trifunović,"Croatia,Serbia",1910,1980
Tringov,Georgi,Georgi Tringov,Bulgaria,1937,2000
Truong,Paul,Paul Truong,"Vietnam,US",1965,
Tsai,Cindy,Cindy Tsai,US,1985,
Tschepurnoff,Anatol,Anatol Tschepurnoff,Finland,1871,1942
Tseitlin,Mark,Mark Tseitlin,"Russia,Israel",1943,
Tseshkovsky,Vitaly,Vitaly Tseshkovsky,Russia,1944,2011
Tsvetkov,Alexander,Alexander Tsvetkov,Bulgaria,1914,1990
Tuhan-Baranowski,Leon,Leon Tuhan-Baranowski,"Poland,Germany",1907,1954
Tukmakov,Vladimir,Vladimir Tukmakov,Ukraine,1946,
Turco,Stefano Rosselli del,Stefano Rosselli del Turco,Italy,1877,1947
Turiansky,Myroslav,Myroslav Turiansky,"Ukraine,US",1912,1998
Turner,Abe,Abe Turner,US,1924,1962
Turov,Maxim,Maxim Turov,Russia,1979,
Turover,Isador Samuel,Isador Samuel Turover,"Belgium,US",1892,1978
Tylor,Theodore,Theodore Tylor,England,1900,1968
Tyomkin,Dimitri,Dimitri Tyomkin,Canada,1977,
Tyroler,Alexandru,Alexandru Tyroler,Romania,1891,1990
Türn,Johannes,Johannes Türn,Estonia,1899,1993
Uesugi,Shinsaku,Shinsaku Uesugi,Japan,1991,
Uhlmann,Wolfgang,Wolfgang Uhlmann,Germany,1935,
Ujtelky,Maximilian,Maximilian Ujtelky,Hungary/Slovakia,1915,1979
Ulibin,Mikhail,Mikhail Ulibin,Russia,1971,
Umansky,Mikhail,Mikhail Umansky,Russia,1952,
Unzicker,Wolfgang,Wolfgang Unzicker,Germany,1925,2006
Ushenina,Anna,Anna Ushenina,Ukraine,1985,
Vachier-Lagrave,Maxime,Maxime Vachier-Lagrave,France,1990,
Vaganian,Rafael,Rafael Vaganian,Armenia,1951,
Vainshtein,Samuil,Samuil Vainshtein,Russia,1894,1942
Vaisser,Anatoly,Anatoly Vaisser,"Kazakhstan,France",1949,
Vaitonis,Povilas,Povilas Vaitonis,"Lithuania,Canada",1911,1983
Vajda,Árpád,Árpád Vajda,Hungary,1896,1967
Valvo,Michael,Michael Valvo,US,1942,2004
Vansittart,Cyril,Cyril Vansittart,"England,Italy",1852,1887
Varga,Zoltán,Zoltán Varga,Hungary,1970,
Varnusz,Egon,Egon Varnusz,Hungary,1933,2008
Vasiukov,Evgeni,Evgeni Vasiukov,Russia,1933,2018
Velikov,Petar,Petar Velikov,Bulgaria,1951,
Velimirović,Dragoljub,Dragoljub Velimirović,Serbia,1942,2014
Veresov,Gavriil,Gavriil Veresov,Russia,1912,1979
Vergani,Beniamino,Beniamino Vergani,Italy,1863,1927
Verlinsky,Boris,Boris Verlinsky,"Ukraine,Russia",1888,1950
Vescovi,Giovanni,Giovanni Vescovi,Brazil,1978,
Vidmar,Milan,Milan Vidmar Jr.,Slovenia,1909,1980
Vidmar,Milan,Milan Vidmar,Slovenia,1885,1962
Vijayalakshmi,Subbaraman,Subbaraman Vijayalakshmi,India,1979,
Villegas,Benito,Benito Villegas,Argentina,1877,1952
Vilner,Yakov,Yakov Vilner,Ukraine,1899,c. 1930
Viner,William Samuel,William Samuel Viner,Australia,1881,1933
Vistaneckis,Isakas,Isakas Vistaneckis,"Lithuania,Israel",1910,2000
Vitiugov,Nikita,Nikita Vitiugov,Russia,1987,
Vitolinš,Alvis,Alvis Vitolinš,Latvia,1946,1997
Vladimirov,Evgeny,Evgeny Vladimirov,Kazakhstan,1957,
Vliet,Louis van,Louis van Vliet,Netherlands,1870,1932
Voellmy,Erwin,Erwin Voellmy,Switzerland,1886,1951
Volkov,Sergey,Sergey Volkov,Russia,1974,
Volokitin,Andrei,Andrei Volokitin,Ukraine,1986,
Volpert,Larisa,Larisa Volpert,Russia,1926,2017
Vovk,Andrey,Andrey Vovk,Ukraine,1991,
Vovk,Yuri,Yuri Vovk,Ukraine,1988,
Vranesic,Zvonko,Zvonko Vranesic,"Croatia,Canada",1938,
Vukcevich,Milan,Milan Vukcevich,"Serbia,US",1937,2003
Vukić,Milan,Milan Vukić,"Serbia,Bosnia",1942,
Vuković,Vladimir,Vladimir Vuković,Croatia,1898,1975
Vygodchikov,Konstantin,Konstantin Vygodchikov,"Belarus,Russia",1892,1941
Vyzmanavin,Alexey,Alexey Vyzmanavin,Russia,1960,2000
Wade,Robert,Robert Wade,"New Zealand,England",1921,2008
Wagner,Heinrich,Heinrich Wagner,Germany,1888,1959
Wagner,Alexander,Alexander Wagner,Poland,1868,1942
Wahltuch,Victor,Victor Wahltuch,England,1875,1953
Waitzkin,Josh,Josh Waitzkin,United States,1976,
Walbrodt,Carl August,Carl August Walbrodt,"Netherlands,Germany",1871,1902
Walker,George,George Walker,England,1803,1879
Walter,Max,Max Walter,Slovakia,1896,1940
Wang,Yu,Wang Yu,China,1982,
Wang,Puchen,Puchen Wang,"China,New Zealand",1990,
Wang,Rui,Wang Rui,China,1978,
Wang,Pin,Wang Pin,China,1974,
Wang,Yue,Wang Yue,China,1987,
Wang,Hao,Wang Hao,China,1989,
Wang,Lei,Wang Lei,China,1975,
Ward,Chris,Chris Ward,England,1968,
Ware,Preston,Preston Ware,US,1821,1891
Warwick,Cathy,Cathy Warwick,England,1968,
Watai,Miyoko,Miyoko Watai,Japan,1945,
Watson,John L.,John L. Watson,US,1951,
Watson,William,William Watson,England,1962,
Wayte,William,William Wayte,England,1829,1898
Webb,Simon,Simon Webb,England,1949,2005
Wedberg,Tom,Tom Wedberg,Sweden,1953,
Weenink,Henri,Henri Weenink,Netherlands,1892,1931
Wegemund,Otto,Otto Wegemund,Germany,1870,1928
Weil,Wolfgang,Wolfgang Weil,Austria,1912,1945
Weiming,Goh,Goh Weiming,Singapore,1983,
Weiss,Max,Max Weiss,"Hungary,Austria",1857,1927
Wely,Loek van,Loek van Wely,Netherlands,1972,
Wemmers,Carl,Carl Wemmers,Germany,1845,1882
Wen,Yang,Wen Yang,China,1988,
Werle,Jan,Jan Werle,Netherlands,1984,
West,Guy,Guy West,Australia,1958,
Westerinen,Heikki,Heikki Westerinen,Finland,1944,
Wexler,Bernardo,Bernardo Wexler,"Romania,Argentina",1925,1992
"Weydlich,de",Kasimir,Kasimir de Weydlich,Poland,1859,1913
Whitaker,Norman Tweed,Norman Tweed Whitaker,US,1890,1975
Wiedenkeller,Michael,Michael Wiedenkeller,Sweden,1963,
Wiel,John van der,John van der Wiel,Netherlands,1959,
Wijnans,Arthur,Arthur Wijnans,"Indonesia,Netherlands",1920,1945
Williams,Elijah,Elijah Williams,England,1810,1854
Williams,Simon,Simon Williams,England,1979,
Winawer,Szymon,Szymon Winawer,Poland,1838,1920
Windisch,Karl Gottlieb von,Karl Gottlieb von Windisch,"Slovakia,Hungary,Austria",1725,1793
Winston,Peter,Peter Winston,US,1958,
Winter,William,William Winter,England,1898,1955
Winz,Victor,Victor Winz,"Germany,Israel,Argentina",1906,
Wisker,John,John Wisker,England,1846,1884
Wittek,Alexander,Alexander Wittek,"Croatia,Austria",1852,1894
Wohl,Aleksandar,Aleksandar Wohl,Australia,1963,
Wojciechowski,Antoni,Antoni Wojciechowski,Poland,1905,1938
Wojtaszek,Radosław,Radosław Wojtaszek,Poland,1987,
Wojtkiewicz,Aleksander,Aleksander Wojtkiewicz,"Latvia,Poland,US",1963,2006
Wolf,Siegfried Reginald,Siegfried Reginald Wolf,"Austria,Israel",1867,1951
Wolf,Heinrich,Heinrich Wolf,Austria,1875,1943
Wolf-Kalmar,Paula,Paula Wolf-Kalmar,Austria,1881,1931
Wolff,Balduin,Balduin Wolff,Germany,1819,1907
Wolff,Patrick,Patrick Wolff,US,1968,
Wood,Baruch Harold,Baruch Harold Wood,England,1909,1989
Wu,Shaobin,Wu Shaobin,Singapore,1969,
Wu,Wenjin,Wu Wenjin,China,1976,
Wu,Mingqian,Wu Mingqian,China,1961,
Wyvill,Marmaduke,Marmaduke Wyvill,England,1814,1896
Xie,Jun,Xie Jun,China,1970,
Xu,Jun,Xu Jun,China,1962,
Yakovich,Yuri,Yuri Yakovich,Russia,1962,
Yang,Hsu Li,Hsu Li Yang,Singapore,1972,
Yanofsky,Daniel,Daniel Yanofsky,"Poland,Canada",1925,2000
Yates,Frederick,Frederick Yates,England,1884,1932
Ye,Rongguang,Ye Rongguang,China,1963,
Ye,Jiangchuan,Ye Jiangchuan,China,1960,
Yepez,Trotzky,Trotzky Yepez,Ecuador,1940,2010
Yermolinsky,Alex,Alex Yermolinsky,US,1958,
Yildiz,Betul Cemre,Betul Cemre Yildiz,Turkey,1989,
Yin,Hao,Yin Hao,China,1979,
Yu,Shaoteng,Yu Shaoteng,China,1979,
Yuanyuan,Xu,Xu Yuanyuan,China,1981,
Yudasin,Leonid,Leonid Yudasin,"Russia,Israel",1959,
Yudovich,Mikhail,Mikhail Yudovich,Russia,1911,1987
Yuhua,Xu,Xu Yuhua,China,1976,
Yurdansky,Peter,Peter Yurdansky,Russia,1891,1937
Yusupov,Artur,Artur Yusupov,"Russia,Germany",1960,
Yépez,Olavo,Olavo Yépez,Ecuador,1937,
Zabłudowski,Aron,Aron Zabłudowski,Poland,1909,1941
Zadrima,Aldo,Aldo Zadrima,Albania,1948,
Zagorovsky,Vladimir,Vladimir Zagorovsky,Russia,1925,1994
Zagrebelny,Sergey,Sergey Zagrebelny,Uzbekistan,1965,
Zaitsev,Alexander,Alexander Zaitsev,Russia,1935,1971
Zaitsev,Igor,Igor Zaitsev,Russia,1938,
Zalkind,Lazar,Lazar Zalkind,Ukraine,1886,1945
Zambrana,Oswaldo,Oswaldo Zambrana,Bolivia,1981,
Zamikhovsky,Abram,Abram Zamikhovsky,Ukraine,1908,1978
Zamora,Juan Carlos González,Juan Carlos González Zamora,Mexico,1968,
Zapata,Alonso,Alonso Zapata,Colombia,1958,
Zarnicki,Pablo,Pablo Zarnicki,Argentina,1972,
Zatonskih,Anna,Anna Zatonskih,"Ukraine,US",1978,
Zatulovskaya,Tatiana,Tatiana Zatulovskaya,"Azerbaijan,Russia,Israel",1935,2017
Zawadzka,Jolanta,Jolanta Zawadzka,Poland,1987,
Zawadzka,Beata,Beata Zawadzka,Poland,1986,
Zemgalis,Elmārs,Elmārs Zemgalis,"Latvia,US",1923,2014
Zhang,Xiaowen,Zhang Xiaowen,China,1989,
Zhang,Pengxiang,Zhang Pengxiang,China,1980,
Zhang,Weida,Zhang Weida,China,1949,
Zhang,Jilin,Zhang Jilin,China,1986,
Zhang,Zhong,Zhang Zhong,"China,Singapore",1978,
Zhao,Zong-Yuan,Zhao Zong-Yuan,"China,Australia",1986,
Zhao,Jun,Zhao Jun,China,1986,
Zhao,Lan,Zhao Lan,China,1963,
Zhao,Xue,Zhao Xue,China,1985,
Zhaoqin,Peng,Peng Zhaoqin,China,1968,
Zheliandinov,Viktor,Viktor Zheliandinov,Ukraine,1935,
Zhou,Jianchao,Zhou Jianchao,China,1988,
Zhou,Weiqi,Zhou Weiqi,China,1986,
Zhu,Chen,Zhu Chen,China,1976,
Zhukova,Natalia,Natalia Zhukova,Ukraine,1979,
Zilberman,Yaacov,Yaacov Zilberman,Israel,1954,
Zimmermann,Otto,Otto Zimmermann,Switzerland,1892,1979
Zinkl,Adolf,Adolf Zinkl,"Bohemia,Austria",1871,1944
Zinner,Emil,Emil Zinner,Czechoslovakia,1909,1942
Znosko-Borovsky,Eugene,Eugene Znosko-Borovsky,"Russia,France",1884,1954
Zobel,Leo,Leo Zobel,Slovakia,1895,1962
Zubarev,Alexander,Alexander Zubarev,Ukraine,1979,
Zubarev,Nikolai,Nikolai Zubarev,Russia,1894,1951
Zuckerman,Bernard,Bernard Zuckerman,US,1943,
Zugic,Igor,Igor Zugic,Canada,1981,
Zukertort,Johannes,Johannes Zukertort,"Poland,Germany,England",1842,1888
Zuniga,Julio Granda,Julio Granda Zuniga,Peru,1967,
Zvjaginsev,Vadim,Vadim Zvjaginsev,Russia,1976,
Zvorykina,Kira,Kira Zvorykina,"Ukraine,Russia,Belarus",1919,2014
Zytogorski,Adolf,Adolf Zytogorski,"Poland,England",1807,1882
Zíta,František,František Zíta,Czechoslovakia,1909,1977
Zúpide,Celso Golmayo,Celso Golmayo Zúpide,"Spain,Cuba",1820,1898
l'Ami,Erwin,Erwin l'Ami,Netherlands,1985,
testthis adds to the end of the filethis adds to the end of the filethis adds to the end of the filethis adds to the end of the filethis adds to the end of the filethis adds to the end of the filethis adds to the end of the filethis adds to the end of the filethis adds to the end of the filethis adds to the end of the filethis adds to the end of the filethis adds to the end of the filethis adds to the end of the filethis adds to the end of the filethis adds to the end of the filethis adds to the end of the filethis adds to the end of the filethis adds to the end of the filethis adds to the end of the filethis adds to the end of the filethis adds to the end of the filethis adds to the end of the filethis adds to the end of the filethis adds to the end of the file
Åkesson,Ralf,Ralf Åkesson,Sweden,1961,
Ólafsson,Friðrik,Friðrik Ólafsson,Iceland,1935,
Ólafsson,Helgi,Helgi Ólafsson,Iceland,1956,
Õim,Tõnu,Tõnu Õim,Estonia,1941,
Øgaard,Leif,Leif Øgaard,Norway,1952,
Üitümen,Tüdeviin,Tüdeviin Üitümen,Mongolia,1939,1993
Čmilytė,Viktorija,Viktorija Čmilytė,Lithuania,1983,
Ķeņģis,Edvīns,Edvīns Ķeņģis,Latvia,1959,
Śliwa,Bogdan,Bogdan Śliwa,Poland,1922,2003
Šajtar,Jaroslav,Jaroslav Šajtar,Czechoslovakia,1921,2003
Šarić,Ivan,Ivan Šarić,Croatia,1990,
Šubarić,Mladen,Mladen Šubarić,Croatia,1920,
Šulskis,Šarūnas,Šarūnas Šulskis,Lithuania,1972,
Żabiński,Józef,Józef Żabiński,Poland,1860,1928
